1	47
2	53
3	50
4	47
5	59
6	55
7	68
8	70
9	70
10	68
11	57
12	60
13	75
14	72
15	72
16	65
17	69
18	79
19	78
20	79
21	78
22	74
23	75
24	67
25	68
26	73
27	64
28	72
29	80
30	81
31	79
32	81
33	77
34	82
35	71
36	76
37	70
38	67
39	71
40	62
41	62
42	57
43	43
44	50
45	54
46	55
47	50
48	69
49	68
50	76
51	63
52	66
53	64
54	69
55	72
56	78
57	81
58	76
59	74
60	77
61	71
62	64
63	68
64	61
65	62
66	70
67	71
68	70
69	73
70	76
71	74
72	74
73	72
74	73
75	64
76	66
77	66
78	74
79	75
80	75
81	74
82	64
83	67
84	74
85	67
86	68
87	71
88	74
89	67
90	67
91	73
92	65
93	72
94	88
95	82
96	83
97	78
98	79
99	74
100	73
101	70
102	68
103	72
104	67
105	59
106	55
107	58
108	58
109	61
110	63
111	61
112	60
113	67
114	64
115	56
116	51
117	68
118	63
119	53
120	62
121	72
122	44
123	54
124	67
125	60
126	50
127	63
128	54
129	63
130	62
131	62
132	55
133	57
134	55
135	59
136	54
137	56
138	58
139	54
140	50
141	43
142	48
143	50
144	43
145	48
146	56
147	49
148	54
149	43
150	54
151	46
152	44
153	37
154	43
155	47
156	54
157	60
158	58
159	65
160	59
161	53
162	64
163	59
164	53
165	51
166	45
167	48
168	46
169	46
170	46
171	41
172	38
173	41
174	47
175	47
176	51
177	50
178	50
179	59
180	62
181	54
182	62
183	65
184	61
185	60
186	54
187	56
188	62
189	60
190	56
191	60
192	45
193	54
194	68
195	57
196	54
197	69
198	57
199	55
200	46
201	43
202	41
203	57
204	57
205	59
206	65
207	52
208	53
209	64
210	45
211	57
212	58
213	51
214	50
215	47
216	48
217	54
218	41
219	45
220	50
221	51
222	44
223	46
224	56
225	57
226	48
227	57
228	55
229	55
230	51
231	61
232	50
233	57
234	49
235	57
236	43
237	45
238	46
239	42
240	33
241	36
242	41
243	51
244	46
245	56
246	53
247	57
248	52
249	43
250	36
251	39
252	39
253	44
254	58
255	55
256	42
257	54
258	58
259	51
260	54
261	50
262	58
263	56
264	53
265	56
266	60
267	69
268	61
269	64
270	63
271	57
272	68
273	47
274	43
275	51
276	53
277	36
278	46
279	44
280	49
281	49
282	49
283	50
284	46
285	43
286	52
287	38
288	37
289	39
290	35
291	36
292	46
293	46
294	45
295	38
296	39
297	40
298	50
299	45
300	48
301	44
302	54
303	54
304	48
305	55
306	49
307	53
308	56
309	59
310	54
311	58
312	42
313	46
314	59
315	51
316	46
317	46
318	51
319	44
320	51
321	39
322	46
323	55
324	61
325	53
326	52
327	61
328	57
329	46
330	47
331	38
332	40
333	45
334	44
335	51
336	52
337	50
338	54
339	55
340	53
341	58
342	66
343	44
344	53
345	51
346	52
347	51
348	55
349	56
350	61
351	56
352	61
353	50
354	58
355	56
356	52
357	51
358	58
359	50
360	44
361	47
362	44
363	49
364	51
365	46
366	45
367	45
368	57
369	55
370	52
371	53
372	54
373	57
374	38
375	43
376	44
377	49
