1	0	0.565585579718035
2	0	0.625369243908037
3	1	0.521915595413253
4	0	0.619025338046106
5	0	0.504061199199957
6	1	0.584449705882681
7	0	0.54006510868335
8	0	0.508627011692662
9	0	0.540853454824538
10	0	0.561394646958775
11	0	0.622910771937021
12	1	0.586730215218829
13	1	0.542455607365164
14	1	0.525724508320879
15	1	0.440433888545823
16	0	0.509092303854616
17	0	0.52935844886262
18	0	0.54272957752887
19	1	0.6656951631087
20	0	0.642905553294767
21	0	0.540358461013127
22	0	0.560369601276894
23	0	0.615577171193554
24	1	0.554779944774566
25	0	0.524161178607907
26	0	0.512861035128412
27	1	0.565943436549807
28	1	0.580139098710328
29	0	0.495694364323878
30	0	0.463748429455307
31	0	0.479323493313249
32	0	0.587025837473333
33	0	0.50861452215041
34	0	0.57231176968254
35	0	0.539384413605228
36	0	0.521461790247031
37	2	0.655950884108139
38	0	0.504195942198412
39	0	0.652992474434631
40	1	0.519249954139038
41	0	0.516397590829049
42	1	0.572123066239862
43	1	0.552950196882411
44	0	0.618003818863712
45	1	0.66754943050726
46	0	0.525584103378664
47	0	0.569007631362896
48	0	0.570426141409151
49	0	0.622763187079251
50	0	0.618966285772624
51	0	0.595609120176314
52	0	0.553071281478515
53	0	0.544502922957941
54	0	0.568904225971521
55	0	0.55866053804473
56	1	0.548591923364391
57	0	0.578578847574424
58	1	0.568181110423695
59	0	0.603237038088854
60	0	0.565090014246199
61	0	0.517491126422739
62	1	0.508049870166206
63	0	0.540182539200576
64	0	0.622252894356165
65	0	0.495845556800086
66	1	0.524490466539859
67	0	0.644440151212129
68	0	0.629892255953574
69	0	0.62164342331853
70	0	0.525265458923894
71	0	0.554288117503285
72	1	0.596757130877722
73	0	0.508967247353206
74	0	0.494535927910809
75	1	0.62560125695974
76	1	0.523939977183465
77	0	0.537255740781937
78	0	0.606459880739705
79	0	0.510486784559765
80	0	0.424649055244382
81	0	0.638863596067279
82	0	0.544411886873183
83	0	0.548190697058196
84	2	0.623445131140035
85	0	0.415394879240931
86	1	0.556908880548529
87	0	0.5061127016826
88	1	0.544982420738619
89	2	0.631545246261067
90	0	0.547495835103912
91	1	0.546065862534992
92	1	0.513805664622424
93	1	0.567155669831856
94	0	0.55930503779359
95	3	0.481408892315557
96	0	0.528564273900633
97	0	0.646262390534779
98	0	0.58546081738845
99	0	0.626619009446353
100	0	0.506023708766465
101	0	0.629465645165239
102	0	0.567133628220619
103	1	0.568693244624584
104	0	0.514728878755473
105	0	0.617774540333233
106	1	0.538893027368708
107	1	0.52647147110269
108	3	0.546802579205133
109	1	0.528136743360054
110	1	0.559321788062256
111	0	0.65480294815245
112	1	0.675187405954431
113	0	0.50282262833625
114	0	0.574416725892251
115	1	0.532868702347515
116	0	0.55052636203705
117	0	0.608677442967125
118	0	0.553130305837097
119	0	0.571124745217802
120	0	0.626439669238236
121	0	0.577783976040814
122	0	0.555445402881518
123	0	0.586773067408281
124	1	0.544936669763353
125	0	0.512019512042602
126	0	0.513704049552675
127	0	0.618175357738212
128	0	0.55875132495642
129	0	0.580606521010528
130	0	0.536449176697774
131	0	0.565755694362266
132	0	0.499534322168076
133	1	0.601774924602777
134	0	0.560413594483307
135	3	0.493407917300449
136	0	0.592276841976125
137	1	0.526035761944965
138	0	0.564578313992877
139	1	0.602807014913887
140	1	0.453754267589453
141	1	0.524883135359593
142	0	0.567989933640677
143	0	0.626590525813366
144	1	0.611384270127074
145	0	0.575525671302337
146	0	0.490551302059571
147	0	0.60184835399671
148	0	0.519266637911353
149	2	0.57392707870493
150	0	0.54848717234046
151	0	0.454378683777455
152	0	0.520866185875729
153	0	0.575052221488643
154	0	0.554467450609933
155	0	0.48444709045511
156	1	0.504058509938071
157	0	0.535318719187671
158	0	0.529723336465038
159	0	0.587571144699045
160	0	0.508324545325004
161	1	0.573254763314424
162	0	0.563752373577757
163	0	0.595199810149875
164	1	0.600940721730745
165	2	0.513842121542055
166	0	0.614237937140183
167	0	0.532164816213225
168	2	0.630307076014281
169	0	0.605713075094856
170	0	0.558244155126939
171	1	0.616209127054909
172	1	0.514744018293129
173	1	0.503488817169393
174	0	0.510810571887955
175	1	0.520712709934728
176	0	0.581243304985824
177	1	0.526020120325542
178	0	0.576002015624124
179	0	0.530834189650347
180	0	0.677247124333381
181	1	0.635506139848311
182	1	0.565504823553434
183	0	0.592532714660483
184	0	0.471725155198131
185	0	0.555922872976827
186	0	0.616695594201918
187	1	0.55151054833997
188	1	0.463943443831752
189	0	0.600433980466315
190	0	0.637327193777421
191	0	0.531588162770391
192	0	0.472517137335932
193	0	0.594336742509062
194	0	0.525592552361921
195	0	0.543100181395488
196	0	0.493184287829463
197	0	0.515646885552702
198	0	0.625636861478493
199	0	0.57362229589319
200	0	0.522404212479745
201	0	0.540654911452427
202	0	0.570963969979363
203	1	0.546026411197712
204	0	0.628988201992861
205	0	0.58947952235565
206	0	0.490748119134843
207	0	0.542294458218775
208	0	0.490701484343323
209	0	0.504519895027168
210	1	0.532789670527848
211	1	0.574995143735514
212	1	0.553396176897867
213	0	0.542284650419459
214	1	0.559295316400581
215	0	0.568083085154651
216	0	0.495258297369082
217	0	0.511333328582906
218	0	0.578395200518578
219	1	0.432643088920269
220	0	0.521566254202348
221	2	0.600550293364147
222	0	0.569559400838807
223	0	0.614358810700333
224	0	0.533692675107486
225	0	0.623520912588589
226	0	0.550667280198483
227	0	0.590573873575947
228	0	0.614612523887101
229	0	0.555961580631231
230	0	0.591043539721488
231	0	0.608993788235296
232	0	0.566946847325101
233	0	0.494311099617687
234	0	0.576827391059297
235	0	0.590790882234587
236	0	0.622474027746023
237	0	0.626843263344228
238	0	0.585241210820713
239	0	0.594064365448305
240	0	0.475405832547462
241	0	0.523697910609977
242	0	0.633363857438278
243	0	0.598753867341674
244	0	0.552384019892118
245	1	0.541843186552203
246	0	0.520351129661774
247	0	0.527799251843679
248	0	0.627143455423934
249	0	0.534628687847346
250	0	0.523310344502803
251	1	0.605441354584752
252	0	0.501673199168368
253	0	0.611640667224489
254	0	0.584411202682077
255	0	0.586903612771738
256	0	0.451788691248004
257	1	0.596672305116577
258	0	0.515359721863823
259	0	0.543278753914774
260	0	0.639677129550917
261	0	0.601291943364512
262	0	0.448320030555562
263	0	0.514732398830507
264	0	0.593109029261091
265	0	0.474272728331492
266	0	0.569001077926675
267	0	0.61175368368295
268	1	0.517244713411985
269	0	0.531958345112952
270	0	0.552169018679834
271	0	0.583531772139781
272	0	0.477272208111009
273	0	0.528958743564133
274	0	0.552527765952514
275	0	0.523949934403537
276	2	0.516858605707042
277	0	0.565888139958116
278	0	0.518163556064456
279	0	0.506723558613488
280	1	0.547830743713703
281	0	0.531341508570481
282	1	0.576064150352419
283	1	0.628595194249946
284	1	0.376431367436446
285	0	0.606206616828829
286	1	0.495199852551741
287	0	0.528246949080761
288	0	0.582874391109242
289	0	0.519851311876241
290	1	0.507180727229138
291	0	0.44943110598742
292	0	0.562323303120943
293	0	0.555028262816917
294	0	0.547268240821499
295	0	0.503126819698595
296	0	0.56100276143681
297	1	0.642629312943319
298	2	0.544365796201248
299	0	0.57349739963399
300	0	0.57903278724412
301	1	0.593657615887791
302	0	0.486909186044721
303	0	0.546660839501695
304	0	0.589502858293487
305	0	0.562924398106738
306	0	0.591933765868861
307	0	0.546859948719249
308	0	0.612366015513667
309	0	0.559522324913774
310	1	0.538201420766946
311	1	0.591235801315964
312	0	0.501348210097317
313	0	0.498160130762213
314	0	0.519150075430937
315	1	0.714341064048995
316	1	0.600608933283595
317	0	0.466742818149231
318	1	0.625362314605964
319	0	0.548105921607287
320	0	0.618575459759785
321	0	0.606084129500509
322	0	0.582327514911342
323	0	0.535600136527785
324	0	0.561669175622479
325	1	0.581562474570627
326	0	0.525500774383043
327	1	0.578125669720867
328	0	0.555228490794207
329	1	0.590627388838301
330	1	0.570945900666347
331	0	0.580906414853357
332	1	0.593514886070458
333	0	0.53601582883761
334	1	0.490630888010817
335	0	0.582727567456801
336	0	0.569081657668701
337	0	0.599420661342864
338	0	0.564839572764947
339	0	0.549516705752599
340	0	0.50449542465063
341	1	0.533407413941435
342	2	0.614589310429724
343	0	0.540961638621756
344	1	0.592978310847211
345	1	0.611633447654893
346	0	0.474978027945182
347	0	0.604665444493632
348	0	0.523603849513076
349	0	0.527483399638405
350	1	0.597888478406416
351	0	0.630690307276427
352	0	0.461672186959882
353	1	0.589647888050531
354	1	0.570979079225129
355	1	0.482559129252856
356	0	0.584531350409646
357	0	0.6061821472752
358	0	0.58013069575086
359	0	0.563198056735362
360	0	0.492903336058243
361	0	0.658804157851587
362	1	0.52674170003514
363	0	0.523487692676699
364	0	0.487384915904217
365	0	0.609890893407716
366	2	0.566204774214313
367	0	0.553157638953254
368	0	0.514017784153625
369	0	0.574783779611647
370	1	0.578818225573603
371	1	0.627836258859635
372	1	0.499295974553704
373	0	0.531032107351093
374	0	0.530831912535391
375	0	0.477756513188374
376	0	0.480911590176187
377	2	0.620113730129236
