P68133	ACTA1	ENSG00000143632	ENST00000366684	377	GRCh37	1:229567249G	G
P68133	ACTA1	ENSG00000143632	ENST00000366684	377	GRCh37	1:229567250A	A
P68133	ACTA1	ENSG00000143632	ENST00000366684	377	GRCh37	1:229567251A	A
P68133	ACTA1	ENSG00000143632	ENST00000366684	376	GRCh37	1:229567252G	G
P68133	ACTA1	ENSG00000143632	ENST00000366684	376	GRCh37	1:229567253C	C
P68133	ACTA1	ENSG00000143632	ENST00000366684	376	GRCh37	1:229567254A	A
P68133	ACTA1	ENSG00000143632	ENST00000366684	375	GRCh37	1:229567255T	T
P68133	ACTA1	ENSG00000143632	ENST00000366684	375	GRCh37	1:229567256T	T
P68133	ACTA1	ENSG00000143632	ENST00000366684	375	GRCh37	1:229567257T	T
P68133	ACTA1	ENSG00000143632	ENST00000366684	374	GRCh37	1:229567258G	G
P68133	ACTA1	ENSG00000143632	ENST00000366684	374	GRCh37	1:229567259C	C
P68133	ACTA1	ENSG00000143632	ENST00000366684	374	GRCh37	1:229567260G	G
P68133	ACTA1	ENSG00000143632	ENST00000366684	373	GRCh37	1:229567261G	G
P68133	ACTA1	ENSG00000143632	ENST00000366684	373	GRCh37	1:229567262T	T
P68133	ACTA1	ENSG00000143632	ENST00000366684	373	GRCh37	1:229567263G	G
P68133	ACTA1	ENSG00000143632	ENST00000366684	372	GRCh37	1:229567264G	G
P68133	ACTA1	ENSG00000143632	ENST00000366684	372	GRCh37	1:229567265A	A
P68133	ACTA1	ENSG00000143632	ENST00000366684	372	GRCh37	1:229567266C	C
P68133	ACTA1	ENSG00000143632	ENST00000366684	371	GRCh37	1:229567267G	G
P68133	ACTA1	ENSG00000143632	ENST00000366684	371	GRCh37	1:229567268A	A
P68133	ACTA1	ENSG00000143632	ENST00000366684	371	GRCh37	1:229567269T	T
P68133	ACTA1	ENSG00000143632	ENST00000366684	370	GRCh37	1:229567270G	G
P68133	ACTA1	ENSG00000143632	ENST00000366684	370	GRCh37	1:229567271G	G
P68133	ACTA1	ENSG00000143632	ENST00000366684	370	GRCh37	1:229567272A	A
P68133	ACTA1	ENSG00000143632	ENST00000366684	369	GRCh37	1:229567273A	A
P68133	ACTA1	ENSG00000143632	ENST00000366684	369	GRCh37	1:229567274G	G
P68133	ACTA1	ENSG00000143632	ENST00000366684	369	GRCh37	1:229567275G	G
P68133	ACTA1	ENSG00000143632	ENST00000366684	368	GRCh37	1:229567276G	G
P68133	ACTA1	ENSG00000143632	ENST00000366684	368	GRCh37	1:229567277C	C
P68133	ACTA1	ENSG00000143632	ENST00000366684	368	GRCh37	1:229567278C	C
P68133	ACTA1	ENSG00000143632	ENST00000366684	367	GRCh37	1:229567279G	G
P68133	ACTA1	ENSG00000143632	ENST00000366684	367	GRCh37	1:229567280G	G
P68133	ACTA1	ENSG00000143632	ENST00000366684	367	GRCh37	1:229567281C	C
P68133	ACTA1	ENSG00000143632	ENST00000366684	366	GRCh37	1:229567282C	C
P68133	ACTA1	ENSG00000143632	ENST00000366684	366	GRCh37	1:229567283T	T
P68133	ACTA1	ENSG00000143632	ENST00000366684	366	GRCh37	1:229567284C	C
P68133	ACTA1	ENSG00000143632	ENST00000366684	365	GRCh37	1:229567285G	G
P68133	ACTA1	ENSG00000143632	ENST00000366684	365	GRCh37	1:229567286T	T
P68133	ACTA1	ENSG00000143632	ENST00000366684	365	GRCh37	1:229567287C	C
P68133	ACTA1	ENSG00000143632	ENST00000366684	364	GRCh37	1:229567288G	G
P68133	ACTA1	ENSG00000143632	ENST00000366684	364	GRCh37	1:229567289T	T
P68133	ACTA1	ENSG00000143632	ENST00000366684	364	GRCh37	1:229567290A	A
P68133	ACTA1	ENSG00000143632	ENST00000366684	363	GRCh37	1:229567291C	C
P68133	ACTA1	ENSG00000143632	ENST00000366684	363	GRCh37	1:229567292T	T
P68133	ACTA1	ENSG00000143632	ENST00000366684	363	GRCh37	1:229567293C	C
P68133	ACTA1	ENSG00000143632	ENST00000366684	362	GRCh37	1:229567294C	C
P68133	ACTA1	ENSG00000143632	ENST00000366684	362	GRCh37	1:229567295T	T
P68133	ACTA1	ENSG00000143632	ENST00000366684	362	GRCh37	1:229567296G	G
P68133	ACTA1	ENSG00000143632	ENST00000366684	361	GRCh37	1:229567297C	C
P68133	ACTA1	ENSG00000143632	ENST00000366684	361	GRCh37	1:229567298T	T
P68133	ACTA1	ENSG00000143632	ENST00000366684	361	GRCh37	1:229567299T	T
P68133	ACTA1	ENSG00000143632	ENST00000366684	360	GRCh37	1:229567300G	G
P68133	ACTA1	ENSG00000143632	ENST00000366684	360	GRCh37	1:229567301G	G
P68133	ACTA1	ENSG00000143632	ENST00000366684	360	GRCh37	1:229567302T	T
P68133	ACTA1	ENSG00000143632	ENST00000366684	359	GRCh37	1:229567303G	G
P68133	ACTA1	ENSG00000143632	ENST00000366684	359	GRCh37	1:229567304A	A
P68133	ACTA1	ENSG00000143632	ENST00000366684	359	GRCh37	1:229567305T	T
P68133	ACTA1	ENSG00000143632	ENST00000366684	358	GRCh37	1:229567306C	C
P68133	ACTA1	ENSG00000143632	ENST00000366684	358	GRCh37	1:229567307C	C
P68133	ACTA1	ENSG00000143632	ENST00000366684	358	GRCh37	1:229567308A	A
P68133	ACTA1	ENSG00000143632	ENST00000366684	357	GRCh37	1:229567309C	C
P68133	ACTA1	ENSG00000143632	ENST00000366684	357	GRCh37	1:229567310A	A
P68133	ACTA1	ENSG00000143632	ENST00000366684	357	GRCh37	1:229567311T	T
P68133	ACTA1	ENSG00000143632	ENST00000366684	356	GRCh37	1:229567312C	C
P68133	ACTA1	ENSG00000143632	ENST00000366684	356	GRCh37	1:229567313T	T
P68133	ACTA1	ENSG00000143632	ENST00000366684	356	GRCh37	1:229567314G	G
P68133	ACTA1	ENSG00000143632	ENST00000366684	355	GRCh37	1:229567315C	C
P68133	ACTA1	ENSG00000143632	ENST00000366684	355	GRCh37	1:229567316T	T
P68133	ACTA1	ENSG00000143632	ENST00000366684	355	GRCh37	1:229567317G	G
P68133	ACTA1	ENSG00000143632	ENST00000366684	354	GRCh37	1:229567318G	G
P68133	ACTA1	ENSG00000143632	ENST00000366684	354	GRCh37	1:229567319A	A
P68133	ACTA1	ENSG00000143632	ENST00000366684	354	GRCh37	1:229567320A	A
P68133	ACTA1	ENSG00000143632	ENST00000366684	353	GRCh37	1:229567321G	G
P68133	ACTA1	ENSG00000143632	ENST00000366684	353	GRCh37	1:229567322G	G
P68133	ACTA1	ENSG00000143632	ENST00000366684	353	GRCh37	1:229567323T	T
P68133	ACTA1	ENSG00000143632	ENST00000366684	352	GRCh37	1:229567324G	G
P68133	ACTA1	ENSG00000143632	ENST00000366684	352	GRCh37	1:229567325G	G
P68133	ACTA1	ENSG00000143632	ENST00000366684	352	GRCh37	1:229567326A	A
P68133	ACTA1	ENSG00000143632	ENST00000366684	351	GRCh37	1:229567327C	C
P68133	ACTA1	ENSG00000143632	ENST00000366684	351	GRCh37	1:229567328A	A
P68133	ACTA1	ENSG00000143632	ENST00000366684	351	GRCh37	1:229567329G	G
P68133	ACTA1	ENSG00000143632	ENST00000366684	350	GRCh37	1:229567330C	C
P68133	ACTA1	ENSG00000143632	ENST00000366684	350	GRCh37	1:229567331G	G
P68133	ACTA1	ENSG00000143632	ENST00000366684	350	GRCh37	1:229567332A	A
P68133	ACTA1	ENSG00000143632	ENST00000366684	349	GRCh37	1:229567333G	G
P68133	ACTA1	ENSG00000143632	ENST00000366684	349	GRCh37	1:229567334G	G
P68133	ACTA1	ENSG00000143632	ENST00000366684	349	GRCh37	1:229567335C	C
P68133	ACTA1	ENSG00000143632	ENST00000366684	348	GRCh37	1:229567336C	C
P68133	ACTA1	ENSG00000143632	ENST00000366684	348	GRCh37	1:229567337A	A
P68133	ACTA1	ENSG00000143632	ENST00000366684	348	GRCh37	1:229567338G	G
P68133	ACTA1	ENSG00000143632	ENST00000366684	347	GRCh37	1:229567339G	G
P68133	ACTA1	ENSG00000143632	ENST00000366684	347	GRCh37	1:229567340A	A
P68133	ACTA1	ENSG00000143632	ENST00000366684	347	GRCh37	1:229567341T	T
P68133	ACTA1	ENSG00000143632	ENST00000366684	346	GRCh37	1:229567342G	G
P68133	ACTA1	ENSG00000143632	ENST00000366684	346	GRCh37	1:229567343G	G
P68133	ACTA1	ENSG00000143632	ENST00000366684	346	GRCh37	1:229567344A	A
P68133	ACTA1	ENSG00000143632	ENST00000366684	345	GRCh37	1:229567345G	G
P68133	ACTA1	ENSG00000143632	ENST00000366684	345	GRCh37	1:229567346C	C
P68133	ACTA1	ENSG00000143632	ENST00000366684	345	GRCh37	1:229567347C	C
P68133	ACTA1	ENSG00000143632	ENST00000366684	344	GRCh37	1:229567348G	G
P68133	ACTA1	ENSG00000143632	ENST00000366684	344	GRCh37	1:229567349C	C
P68133	ACTA1	ENSG00000143632	ENST00000366684	344	GRCh37	1:229567350C	C
P68133	ACTA1	ENSG00000143632	ENST00000366684	343	GRCh37	1:229567351G	G
P68133	ACTA1	ENSG00000143632	ENST00000366684	343	GRCh37	1:229567352A	A
P68133	ACTA1	ENSG00000143632	ENST00000366684	343	GRCh37	1:229567353T	T
P68133	ACTA1	ENSG00000143632	ENST00000366684	342	GRCh37	1:229567354C	C
P68133	ACTA1	ENSG00000143632	ENST00000366684	342	GRCh37	1:229567355C	C
P68133	ACTA1	ENSG00000143632	ENST00000366684	342	GRCh37	1:229567356A	A
P68133	ACTA1	ENSG00000143632	ENST00000366684	341	GRCh37	1:229567357C	C
P68133	ACTA1	ENSG00000143632	ENST00000366684	341	GRCh37	1:229567358A	A
P68133	ACTA1	ENSG00000143632	ENST00000366684	341	GRCh37	1:229567359C	C
P68133	ACTA1	ENSG00000143632	ENST00000366684	340	GRCh37	1:229567360C	C
P68133	ACTA1	ENSG00000143632	ENST00000366684	340	GRCh37	1:229567361G	G
P68133	ACTA1	ENSG00000143632	ENST00000366684	340	GRCh37	1:229567362A	A
P68133	ACTA1	ENSG00000143632	ENST00000366684	339	GRCh37	1:229567363G	G
P68133	ACTA1	ENSG00000143632	ENST00000366684	339	GRCh37	1:229567364T	T
P68133	ACTA1	ENSG00000143632	ENST00000366684	339	GRCh37	1:229567365A	A
P68133	ACTA1	ENSG00000143632	ENST00000366684	338	GRCh37	1:229567366T	T
P68133	ACTA1	ENSG00000143632	ENST00000366684	338	GRCh37	1:229567367T	T
P68133	ACTA1	ENSG00000143632	ENST00000366684	338	GRCh37	1:229567368T	T
P68133	ACTA1	ENSG00000143632	ENST00000366684	337	GRCh37	1:229567369G	G
P68133	ACTA1	ENSG00000143632	ENST00000366684	337	GRCh37	1:229567370C	C
P68133	ACTA1	ENSG00000143632	ENST00000366684	337	GRCh37	1:229567371G	G
P68133	ACTA1	ENSG00000143632	ENST00000366684	336	GRCh37	1:229567372C	C
P68133	ACTA1	ENSG00000143632	ENST00000366684	336	GRCh37	1:229567373T	T
P68133	ACTA1	ENSG00000143632	ENST00000366684	336	GRCh37	1:229567374C	C
P68133	ACTA1	ENSG00000143632	ENST00000366684	335	GRCh37	1:229567375C	C
P68133	ACTA1	ENSG00000143632	ENST00000366684	335	GRCh37	1:229567376G	G
P68133	ACTA1	ENSG00000143632	ENST00000366684	335	GRCh37	1:229567377G	G
P68133	ACTA1	ENSG00000143632	ENST00000366684	334	GRCh37	1:229567378C	C
P68133	ACTA1	ENSG00000143632	ENST00000366684	334	GRCh37	1:229567379G	G
P68133	ACTA1	ENSG00000143632	ENST00000366684	334	GRCh37	1:229567380G	G
P68133	ACTA1	ENSG00000143632	ENST00000366684	333	GRCh37	1:229567381G	G
P68133	ACTA1	ENSG00000143632	ENST00000366684	333	GRCh37	1:229567382G	G
P68133	ACTA1	ENSG00000143632	ENST00000366684	333	GRCh37	1:229567383C	C
P68133	ACTA1	ENSG00000143632	ENST00000366684	332	GRCh37	1:229567384G	G
P68133	ACTA1	ENSG00000143632	ENST00000366684	332	GRCh37	1:229567385A	A
P68133	ACTA1	ENSG00000143632	ENST00000366684	332	GRCh37	1:229567386T	T
P68133	ACTA1	ENSG00000143632	ENST00000366684	331	GRCh37	1:229567387G	G
P68133	ACTA1	ENSG00000143632	ENST00000366684	331	GRCh37	1:229567388A	A
P68133	ACTA1	ENSG00000143632	ENST00000366684	331	GRCh37	1:229567389T	T
P68133	ACTA1	ENSG00000143632	ENST00000366684	330	GRCh37	1:229567468C	C
P68133	ACTA1	ENSG00000143632	ENST00000366684	330	GRCh37	1:229567469T	T
P68133	ACTA1	ENSG00000143632	ENST00000366684	330	GRCh37	1:229567470T	T
P68133	ACTA1	ENSG00000143632	ENST00000366684	329	GRCh37	1:229567471G	G
P68133	ACTA1	ENSG00000143632	ENST00000366684	329	GRCh37	1:229567472A	A
P68133	ACTA1	ENSG00000143632	ENST00000366684	329	GRCh37	1:229567473T	T
P68133	ACTA1	ENSG00000143632	ENST00000366684	328	GRCh37	1:229567474C	C
P68133	ACTA1	ENSG00000143632	ENST00000366684	328	GRCh37	1:229567475T	T
P68133	ACTA1	ENSG00000143632	ENST00000366684	328	GRCh37	1:229567476T	T
P68133	ACTA1	ENSG00000143632	ENST00000366684	327	GRCh37	1:229567477C	C
P68133	ACTA1	ENSG00000143632	ENST00000366684	327	GRCh37	1:229567478A	A
P68133	ACTA1	ENSG00000143632	ENST00000366684	327	GRCh37	1:229567479T	T
P68133	ACTA1	ENSG00000143632	ENST00000366684	326	GRCh37	1:229567480G	G
P68133	ACTA1	ENSG00000143632	ENST00000366684	326	GRCh37	1:229567481G	G
P68133	ACTA1	ENSG00000143632	ENST00000366684	326	GRCh37	1:229567482T	T
P68133	ACTA1	ENSG00000143632	ENST00000366684	325	GRCh37	1:229567483G	G
P68133	ACTA1	ENSG00000143632	ENST00000366684	325	GRCh37	1:229567484C	C
P68133	ACTA1	ENSG00000143632	ENST00000366684	325	GRCh37	1:229567485T	T
P68133	ACTA1	ENSG00000143632	ENST00000366684	324	GRCh37	1:229567486G	G
P68133	ACTA1	ENSG00000143632	ENST00000366684	324	GRCh37	1:229567487G	G
P68133	ACTA1	ENSG00000143632	ENST00000366684	324	GRCh37	1:229567488G	G
P68133	ACTA1	ENSG00000143632	ENST00000366684	323	GRCh37	1:229567489T	T
P68133	ACTA1	ENSG00000143632	ENST00000366684	323	GRCh37	1:229567490G	G
P68133	ACTA1	ENSG00000143632	ENST00000366684	323	GRCh37	1:229567491C	C
P68133	ACTA1	ENSG00000143632	ENST00000366684	322	GRCh37	1:229567492C	C
P68133	ACTA1	ENSG00000143632	ENST00000366684	322	GRCh37	1:229567493A	A
P68133	ACTA1	ENSG00000143632	ENST00000366684	322	GRCh37	1:229567494G	G
P68133	ACTA1	ENSG00000143632	ENST00000366684	321	GRCh37	1:229567495C	C
P68133	ACTA1	ENSG00000143632	ENST00000366684	321	GRCh37	1:229567496G	G
P68133	ACTA1	ENSG00000143632	ENST00000366684	321	GRCh37	1:229567497C	C
P68133	ACTA1	ENSG00000143632	ENST00000366684	320	GRCh37	1:229567498G	G
P68133	ACTA1	ENSG00000143632	ENST00000366684	320	GRCh37	1:229567499G	G
P68133	ACTA1	ENSG00000143632	ENST00000366684	320	GRCh37	1:229567500T	T
P68133	ACTA1	ENSG00000143632	ENST00000366684	319	GRCh37	1:229567501G	G
P68133	ACTA1	ENSG00000143632	ENST00000366684	319	GRCh37	1:229567502A	A
P68133	ACTA1	ENSG00000143632	ENST00000366684	319	GRCh37	1:229567503T	T
P68133	ACTA1	ENSG00000143632	ENST00000366684	318	GRCh37	1:229567504C	C
P68133	ACTA1	ENSG00000143632	ENST00000366684	318	GRCh37	1:229567505T	T
P68133	ACTA1	ENSG00000143632	ENST00000366684	318	GRCh37	1:229567506C	C
P68133	ACTA1	ENSG00000143632	ENST00000366684	317	GRCh37	1:229567507T	T
P68133	ACTA1	ENSG00000143632	ENST00000366684	317	GRCh37	1:229567508T	T
P68133	ACTA1	ENSG00000143632	ENST00000366684	317	GRCh37	1:229567509T	T
P68133	ACTA1	ENSG00000143632	ENST00000366684	316	GRCh37	1:229567510C	C
P68133	ACTA1	ENSG00000143632	ENST00000366684	316	GRCh37	1:229567511T	T
P68133	ACTA1	ENSG00000143632	ENST00000366684	316	GRCh37	1:229567512G	G
P68133	ACTA1	ENSG00000143632	ENST00000366684	315	GRCh37	1:229567513C	C
P68133	ACTA1	ENSG00000143632	ENST00000366684	315	GRCh37	1:229567514A	A
P68133	ACTA1	ENSG00000143632	ENST00000366684	315	GRCh37	1:229567515T	T
P68133	ACTA1	ENSG00000143632	ENST00000366684	314	GRCh37	1:229567516G	G
P68133	ACTA1	ENSG00000143632	ENST00000366684	314	GRCh37	1:229567517C	C
P68133	ACTA1	ENSG00000143632	ENST00000366684	314	GRCh37	1:229567518G	G
P68133	ACTA1	ENSG00000143632	ENST00000366684	313	GRCh37	1:229567519G	G
P68133	ACTA1	ENSG00000143632	ENST00000366684	313	GRCh37	1:229567520T	T
P68133	ACTA1	ENSG00000143632	ENST00000366684	313	GRCh37	1:229567521C	C
P68133	ACTA1	ENSG00000143632	ENST00000366684	312	GRCh37	1:229567522A	A
P68133	ACTA1	ENSG00000143632	ENST00000366684	312	GRCh37	1:229567523G	G
P68133	ACTA1	ENSG00000143632	ENST00000366684	312	GRCh37	1:229567524C	C
P68133	ACTA1	ENSG00000143632	ENST00000366684	311	GRCh37	1:229567525G	G
P68133	ACTA1	ENSG00000143632	ENST00000366684	311	GRCh37	1:229567526A	A
P68133	ACTA1	ENSG00000143632	ENST00000366684	311	GRCh37	1:229567527T	T
P68133	ACTA1	ENSG00000143632	ENST00000366684	310	GRCh37	1:229567528C	C
P68133	ACTA1	ENSG00000143632	ENST00000366684	310	GRCh37	1:229567529C	C
P68133	ACTA1	ENSG00000143632	ENST00000366684	310	GRCh37	1:229567530C	C
P68133	ACTA1	ENSG00000143632	ENST00000366684	309	GRCh37	1:229567531A	A
P68133	ACTA1	ENSG00000143632	ENST00000366684	309	GRCh37	1:229567532G	G
P68133	ACTA1	ENSG00000143632	ENST00000366684	309	GRCh37	1:229567533G	G
P68133	ACTA1	ENSG00000143632	ENST00000366684	308	GRCh37	1:229567534G	G
P68133	ACTA1	ENSG00000143632	ENST00000366684	308	GRCh37	1:229567535T	T
P68133	ACTA1	ENSG00000143632	ENST00000366684	308	GRCh37	1:229567536A	A
P68133	ACTA1	ENSG00000143632	ENST00000366684	307	GRCh37	1:229567537C	C
P68133	ACTA1	ENSG00000143632	ENST00000366684	307	GRCh37	1:229567538A	A
P68133	ACTA1	ENSG00000143632	ENST00000366684	307	GRCh37	1:229567539T	T
P68133	ACTA1	ENSG00000143632	ENST00000366684	306	GRCh37	1:229567540C	C
P68133	ACTA1	ENSG00000143632	ENST00000366684	306	GRCh37	1:229567541G	G
P68133	ACTA1	ENSG00000143632	ENST00000366684	306	GRCh37	1:229567542T	T
P68133	ACTA1	ENSG00000143632	ENST00000366684	305	GRCh37	1:229567543G	G
P68133	ACTA1	ENSG00000143632	ENST00000366684	305	GRCh37	1:229567544G	G
P68133	ACTA1	ENSG00000143632	ENST00000366684	305	GRCh37	1:229567545T	T
P68133	ACTA1	ENSG00000143632	ENST00000366684	304	GRCh37	1:229567546G	G
P68133	ACTA1	ENSG00000143632	ENST00000366684	304	GRCh37	1:229567547C	C
P68133	ACTA1	ENSG00000143632	ENST00000366684	304	GRCh37	1:229567548C	C
P68133	ACTA1	ENSG00000143632	ENST00000366684	303	GRCh37	1:229567549C	C
P68133	ACTA1	ENSG00000143632	ENST00000366684	303	GRCh37	1:229567550C	C
P68133	ACTA1	ENSG00000143632	ENST00000366684	303	GRCh37	1:229567551C	C
P68133	ACTA1	ENSG00000143632	ENST00000366684	302	GRCh37	1:229567552C	C
P68133	ACTA1	ENSG00000143632	ENST00000366684	302	GRCh37	1:229567553G	G
P68133	ACTA1	ENSG00000143632	ENST00000366684	302	GRCh37	1:229567554A	A
P68133	ACTA1	ENSG00000143632	ENST00000366684	301	GRCh37	1:229567555C	C
P68133	ACTA1	ENSG00000143632	ENST00000366684	301	GRCh37	1:229567556A	A
P68133	ACTA1	ENSG00000143632	ENST00000366684	301	GRCh37	1:229567557T	T
P68133	ACTA1	ENSG00000143632	ENST00000366684	300	GRCh37	1:229567558G	G
P68133	ACTA1	ENSG00000143632	ENST00000366684	300	GRCh37	1:229567559A	A
P68133	ACTA1	ENSG00000143632	ENST00000366684	300	GRCh37	1:229567560C	C
P68133	ACTA1	ENSG00000143632	ENST00000366684	299	GRCh37	1:229567561G	G
P68133	ACTA1	ENSG00000143632	ENST00000366684	299	GRCh37	1:229567562T	T
P68133	ACTA1	ENSG00000143632	ENST00000366684	299	GRCh37	1:229567563T	T
P68133	ACTA1	ENSG00000143632	ENST00000366684	298	GRCh37	1:229567564G	G
P68133	ACTA1	ENSG00000143632	ENST00000366684	298	GRCh37	1:229567565T	T
P68133	ACTA1	ENSG00000143632	ENST00000366684	298	GRCh37	1:229567566T	T
P68133	ACTA1	ENSG00000143632	ENST00000366684	297	GRCh37	1:229567567G	G
P68133	ACTA1	ENSG00000143632	ENST00000366684	297	GRCh37	1:229567568G	G
P68133	ACTA1	ENSG00000143632	ENST00000366684	297	GRCh37	1:229567569C	C
P68133	ACTA1	ENSG00000143632	ENST00000366684	296	GRCh37	1:229567570A	A
P68133	ACTA1	ENSG00000143632	ENST00000366684	296	GRCh37	1:229567571T	T
P68133	ACTA1	ENSG00000143632	ENST00000366684	296	GRCh37	1:229567572A	A
P68133	ACTA1	ENSG00000143632	ENST00000366684	295	GRCh37	1:229567573C	C
P68133	ACTA1	ENSG00000143632	ENST00000366684	295	GRCh37	1:229567574A	A
P68133	ACTA1	ENSG00000143632	ENST00000366684	295	GRCh37	1:229567575G	G
P68133	ACTA1	ENSG00000143632	ENST00000366684	294	GRCh37	1:229567576G	G
P68133	ACTA1	ENSG00000143632	ENST00000366684	294	GRCh37	1:229567577T	T
P68133	ACTA1	ENSG00000143632	ENST00000366684	294	GRCh37	1:229567578C	C
P68133	ACTA1	ENSG00000143632	ENST00000366684	293	GRCh37	1:229567579C	C
P68133	ACTA1	ENSG00000143632	ENST00000366684	293	GRCh37	1:229567580T	T
P68133	ACTA1	ENSG00000143632	ENST00000366684	293	GRCh37	1:229567581T	T
P68133	ACTA1	ENSG00000143632	ENST00000366684	292	GRCh37	1:229567582C	C
P68133	ACTA1	ENSG00000143632	ENST00000366684	292	GRCh37	1:229567583C	C
P68133	ACTA1	ENSG00000143632	ENST00000366684	292	GRCh37	1:229567584T	T
P68133	ACTA1	ENSG00000143632	ENST00000366684	291	GRCh37	1:229567585G	G
P68133	ACTA1	ENSG00000143632	ENST00000366684	291	GRCh37	1:229567586A	A
P68133	ACTA1	ENSG00000143632	ENST00000366684	291	GRCh37	1:229567587T	T
P68133	ACTA1	ENSG00000143632	ENST00000366684	290	GRCh37	1:229567588G	G
P68133	ACTA1	ENSG00000143632	ENST00000366684	290	GRCh37	1:229567589T	T
P68133	ACTA1	ENSG00000143632	ENST00000366684	290	GRCh37	1:229567590C	C
P68133	ACTA1	ENSG00000143632	ENST00000366684	289	GRCh37	1:229567591G	G
P68133	ACTA1	ENSG00000143632	ENST00000366684	289	GRCh37	1:229567592A	A
P68133	ACTA1	ENSG00000143632	ENST00000366684	289	GRCh37	1:229567593T	T
P68133	ACTA1	ENSG00000143632	ENST00000366684	288	GRCh37	1:229567594G	G
P68133	ACTA1	ENSG00000143632	ENST00000366684	288	GRCh37	1:229567595T	T
P68133	ACTA1	ENSG00000143632	ENST00000366684	288	GRCh37	1:229567596C	C
P68133	ACTA1	ENSG00000143632	ENST00000366684	287	GRCh37	1:229567597A	A
P68133	ACTA1	ENSG00000143632	ENST00000366684	287	GRCh37	1:229567598C	C
P68133	ACTA1	ENSG00000143632	ENST00000366684	287	GRCh37	1:229567599A	A
P68133	ACTA1	ENSG00000143632	ENST00000366684	286	GRCh37	1:229567600C	C
P68133	ACTA1	ENSG00000143632	ENST00000366684	286	GRCh37	1:229567601T	T
P68133	ACTA1	ENSG00000143632	ENST00000366684	286	GRCh37	1:229567602T	T
P68133	ACTA1	ENSG00000143632	ENST00000366684	285	GRCh37	1:229567603C	C
P68133	ACTA1	ENSG00000143632	ENST00000366684	285	GRCh37	1:229567604A	A
P68133	ACTA1	ENSG00000143632	ENST00000366684	285	GRCh37	1:229567605T	T
P68133	ACTA1	ENSG00000143632	ENST00000366684	284	GRCh37	1:229567606G	G
P68133	ACTA1	ENSG00000143632	ENST00000366684	284	GRCh37	1:229567607A	A
P68133	ACTA1	ENSG00000143632	ENST00000366684	284	GRCh37	1:229567608T	T
P68133	ACTA1	ENSG00000143632	ENST00000366684	283	GRCh37	1:229567609G	G
P68133	ACTA1	ENSG00000143632	ENST00000366684	283	GRCh37	1:229567610C	C
P68133	ACTA1	ENSG00000143632	ENST00000366684	283	GRCh37	1:229567611T	T
P68133	ACTA1	ENSG00000143632	ENST00000366684	282	GRCh37	1:229567612G	G
P68133	ACTA1	ENSG00000143632	ENST00000366684	282	GRCh37	1:229567613T	T
P68133	ACTA1	ENSG00000143632	ENST00000366684	282	GRCh37	1:229567614T	T
P68133	ACTA1	ENSG00000143632	ENST00000366684	281	GRCh37	1:229567615G	G
P68133	ACTA1	ENSG00000143632	ENST00000366684	281	GRCh37	1:229567616T	T
P68133	ACTA1	ENSG00000143632	ENST00000366684	281	GRCh37	1:229567617A	A
P68133	ACTA1	ENSG00000143632	ENST00000366684	280	GRCh37	1:229567618G	G
P68133	ACTA1	ENSG00000143632	ENST00000366684	280	GRCh37	1:229567619G	G
P68133	ACTA1	ENSG00000143632	ENST00000366684	280	GRCh37	1:229567620T	T
P68133	ACTA1	ENSG00000143632	ENST00000366684	279	GRCh37	1:229567621G	G
P68133	ACTA1	ENSG00000143632	ENST00000366684	279	GRCh37	1:229567622G	G
P68133	ACTA1	ENSG00000143632	ENST00000366684	279	GRCh37	1:229567623T	T
P68133	ACTA1	ENSG00000143632	ENST00000366684	278	GRCh37	1:229567624C	C
P68133	ACTA1	ENSG00000143632	ENST00000366684	278	GRCh37	1:229567625T	T
P68133	ACTA1	ENSG00000143632	ENST00000366684	278	GRCh37	1:229567626C	C
P68133	ACTA1	ENSG00000143632	ENST00000366684	277	GRCh37	1:229567627G	G
P68133	ACTA1	ENSG00000143632	ENST00000366684	277	GRCh37	1:229567628T	T
P68133	ACTA1	ENSG00000143632	ENST00000366684	277	GRCh37	1:229567629G	G
P68133	ACTA1	ENSG00000143632	ENST00000366684	276	GRCh37	1:229567630A	A
P68133	ACTA1	ENSG00000143632	ENST00000366684	276	GRCh37	1:229567631A	A
P68133	ACTA1	ENSG00000143632	ENST00000366684	276	GRCh37	1:229567632T	T
P68133	ACTA1	ENSG00000143632	ENST00000366684	275	GRCh37	1:229567633G	G
P68133	ACTA1	ENSG00000143632	ENST00000366684	275	GRCh37	1:229567634C	C
P68133	ACTA1	ENSG00000143632	ENST00000366684	275	GRCh37	1:229567635C	C
P68133	ACTA1	ENSG00000143632	ENST00000366684	274	GRCh37	1:229567636C	C
P68133	ACTA1	ENSG00000143632	ENST00000366684	274	GRCh37	1:229567637G	G
P68133	ACTA1	ENSG00000143632	ENST00000366684	274	GRCh37	1:229567638C	C
P68133	ACTA1	ENSG00000143632	ENST00000366684	273	GRCh37	1:229567639C	C
P68133	ACTA1	ENSG00000143632	ENST00000366684	273	GRCh37	1:229567640G	G
P68133	ACTA1	ENSG00000143632	ENST00000366684	273	GRCh37	1:229567641A	A
P68133	ACTA1	ENSG00000143632	ENST00000366684	272	GRCh37	1:229567642C	C
P68133	ACTA1	ENSG00000143632	ENST00000366684	272	GRCh37	1:229567643T	T
P68133	ACTA1	ENSG00000143632	ENST00000366684	272	GRCh37	1:229567644C	C
P68133	ACTA1	ENSG00000143632	ENST00000366684	271	GRCh37	1:229567645C	C
P68133	ACTA1	ENSG00000143632	ENST00000366684	271	GRCh37	1:229567646A	A
P68133	ACTA1	ENSG00000143632	ENST00000366684	271	GRCh37	1:229567647T	T
P68133	ACTA1	ENSG00000143632	ENST00000366684	270	GRCh37	1:229567648A	A
P68133	ACTA1	ENSG00000143632	ENST00000366684	270	GRCh37	1:229567649C	C
P68133	ACTA1	ENSG00000143632	ENST00000366684	270	GRCh37	1:229567741C	C
P68133	ACTA1	ENSG00000143632	ENST00000366684	269	GRCh37	1:229567742G	G
P68133	ACTA1	ENSG00000143632	ENST00000366684	269	GRCh37	1:229567743A	A
P68133	ACTA1	ENSG00000143632	ENST00000366684	269	GRCh37	1:229567744T	T
P68133	ACTA1	ENSG00000143632	ENST00000366684	268	GRCh37	1:229567745G	G
P68133	ACTA1	ENSG00000143632	ENST00000366684	268	GRCh37	1:229567746A	A
P68133	ACTA1	ENSG00000143632	ENST00000366684	268	GRCh37	1:229567747A	A
P68133	ACTA1	ENSG00000143632	ENST00000366684	267	GRCh37	1:229567748G	G
P68133	ACTA1	ENSG00000143632	ENST00000366684	267	GRCh37	1:229567749G	G
P68133	ACTA1	ENSG00000143632	ENST00000366684	267	GRCh37	1:229567750A	A
P68133	ACTA1	ENSG00000143632	ENST00000366684	266	GRCh37	1:229567751G	G
P68133	ACTA1	ENSG00000143632	ENST00000366684	266	GRCh37	1:229567752G	G
P68133	ACTA1	ENSG00000143632	ENST00000366684	266	GRCh37	1:229567753G	G
P68133	ACTA1	ENSG00000143632	ENST00000366684	265	GRCh37	1:229567754C	C
P68133	ACTA1	ENSG00000143632	ENST00000366684	265	GRCh37	1:229567755T	T
P68133	ACTA1	ENSG00000143632	ENST00000366684	265	GRCh37	1:229567756G	G
P68133	ACTA1	ENSG00000143632	ENST00000366684	264	GRCh37	1:229567757G	G
P68133	ACTA1	ENSG00000143632	ENST00000366684	264	GRCh37	1:229567758A	A
P68133	ACTA1	ENSG00000143632	ENST00000366684	264	GRCh37	1:229567759A	A
P68133	ACTA1	ENSG00000143632	ENST00000366684	263	GRCh37	1:229567760G	G
P68133	ACTA1	ENSG00000143632	ENST00000366684	263	GRCh37	1:229567761A	A
P68133	ACTA1	ENSG00000143632	ENST00000366684	263	GRCh37	1:229567762G	G
P68133	ACTA1	ENSG00000143632	ENST00000366684	262	GRCh37	1:229567763C	C
P68133	ACTA1	ENSG00000143632	ENST00000366684	262	GRCh37	1:229567764G	G
P68133	ACTA1	ENSG00000143632	ENST00000366684	262	GRCh37	1:229567765T	T
P68133	ACTA1	ENSG00000143632	ENST00000366684	261	GRCh37	1:229567766C	C
P68133	ACTA1	ENSG00000143632	ENST00000366684	261	GRCh37	1:229567767T	T
P68133	ACTA1	ENSG00000143632	ENST00000366684	261	GRCh37	1:229567768C	C
P68133	ACTA1	ENSG00000143632	ENST00000366684	260	GRCh37	1:229567769C	C
P68133	ACTA1	ENSG00000143632	ENST00000366684	260	GRCh37	1:229567770G	G
P68133	ACTA1	ENSG00000143632	ENST00000366684	260	GRCh37	1:229567771G	G
P68133	ACTA1	ENSG00000143632	ENST00000366684	259	GRCh37	1:229567772G	G
P68133	ACTA1	ENSG00000143632	ENST00000366684	259	GRCh37	1:229567773C	C
P68133	ACTA1	ENSG00000143632	ENST00000366684	259	GRCh37	1:229567774A	A
P68133	ACTA1	ENSG00000143632	ENST00000366684	258	GRCh37	1:229567775G	G
P68133	ACTA1	ENSG00000143632	ENST00000366684	258	GRCh37	1:229567776C	C
P68133	ACTA1	ENSG00000143632	ENST00000366684	258	GRCh37	1:229567777G	G
P68133	ACTA1	ENSG00000143632	ENST00000366684	257	GRCh37	1:229567778G	G
P68133	ACTA1	ENSG00000143632	ENST00000366684	257	GRCh37	1:229567779A	A
P68133	ACTA1	ENSG00000143632	ENST00000366684	257	GRCh37	1:229567780A	A
P68133	ACTA1	ENSG00000143632	ENST00000366684	256	GRCh37	1:229567781G	G
P68133	ACTA1	ENSG00000143632	ENST00000366684	256	GRCh37	1:229567782C	C
P68133	ACTA1	ENSG00000143632	ENST00000366684	256	GRCh37	1:229567783G	G
P68133	ACTA1	ENSG00000143632	ENST00000366684	255	GRCh37	1:229567784C	C
P68133	ACTA1	ENSG00000143632	ENST00000366684	255	GRCh37	1:229567785T	T
P68133	ACTA1	ENSG00000143632	ENST00000366684	255	GRCh37	1:229567786C	C
P68133	ACTA1	ENSG00000143632	ENST00000366684	254	GRCh37	1:229567787G	G
P68133	ACTA1	ENSG00000143632	ENST00000366684	254	GRCh37	1:229567788T	T
P68133	ACTA1	ENSG00000143632	ENST00000366684	254	GRCh37	1:229567789T	T
P68133	ACTA1	ENSG00000143632	ENST00000366684	253	GRCh37	1:229567790G	G
P68133	ACTA1	ENSG00000143632	ENST00000366684	253	GRCh37	1:229567791C	C
P68133	ACTA1	ENSG00000143632	ENST00000366684	253	GRCh37	1:229567792C	C
P68133	ACTA1	ENSG00000143632	ENST00000366684	252	GRCh37	1:229567793G	G
P68133	ACTA1	ENSG00000143632	ENST00000366684	252	GRCh37	1:229567794A	A
P68133	ACTA1	ENSG00000143632	ENST00000366684	252	GRCh37	1:229567795T	T
P68133	ACTA1	ENSG00000143632	ENST00000366684	251	GRCh37	1:229567796G	G
P68133	ACTA1	ENSG00000143632	ENST00000366684	251	GRCh37	1:229567797G	G
P68133	ACTA1	ENSG00000143632	ENST00000366684	251	GRCh37	1:229567798T	T
P68133	ACTA1	ENSG00000143632	ENST00000366684	250	GRCh37	1:229567799G	G
P68133	ACTA1	ENSG00000143632	ENST00000366684	250	GRCh37	1:229567800A	A
P68133	ACTA1	ENSG00000143632	ENST00000366684	250	GRCh37	1:229567801T	T
P68133	ACTA1	ENSG00000143632	ENST00000366684	249	GRCh37	1:229567802G	G
P68133	ACTA1	ENSG00000143632	ENST00000366684	249	GRCh37	1:229567803A	A
P68133	ACTA1	ENSG00000143632	ENST00000366684	249	GRCh37	1:229567804C	C
P68133	ACTA1	ENSG00000143632	ENST00000366684	248	GRCh37	1:229567805C	C
P68133	ACTA1	ENSG00000143632	ENST00000366684	248	GRCh37	1:229567806T	T
P68133	ACTA1	ENSG00000143632	ENST00000366684	248	GRCh37	1:229567807G	G
P68133	ACTA1	ENSG00000143632	ENST00000366684	247	GRCh37	1:229567808C	C
P68133	ACTA1	ENSG00000143632	ENST00000366684	247	GRCh37	1:229567809C	C
P68133	ACTA1	ENSG00000143632	ENST00000366684	247	GRCh37	1:229567810C	C
P68133	ACTA1	ENSG00000143632	ENST00000366684	246	GRCh37	1:229567811G	G
P68133	ACTA1	ENSG00000143632	ENST00000366684	246	GRCh37	1:229567812T	T
P68133	ACTA1	ENSG00000143632	ENST00000366684	246	GRCh37	1:229567813C	C
P68133	ACTA1	ENSG00000143632	ENST00000366684	245	GRCh37	1:229567814T	T
P68133	ACTA1	ENSG00000143632	ENST00000366684	245	GRCh37	1:229567815G	G
P68133	ACTA1	ENSG00000143632	ENST00000366684	245	GRCh37	1:229567816G	G
P68133	ACTA1	ENSG00000143632	ENST00000366684	244	GRCh37	1:229567817C	C
P68133	ACTA1	ENSG00000143632	ENST00000366684	244	GRCh37	1:229567818A	A
P68133	ACTA1	ENSG00000143632	ENST00000366684	244	GRCh37	1:229567819G	G
P68133	ACTA1	ENSG00000143632	ENST00000366684	243	GRCh37	1:229567820C	C
P68133	ACTA1	ENSG00000143632	ENST00000366684	243	GRCh37	1:229567821T	T
P68133	ACTA1	ENSG00000143632	ENST00000366684	243	GRCh37	1:229567822C	C
P68133	ACTA1	ENSG00000143632	ENST00000366684	242	GRCh37	1:229567823G	G
P68133	ACTA1	ENSG00000143632	ENST00000366684	242	GRCh37	1:229567824T	T
P68133	ACTA1	ENSG00000143632	ENST00000366684	242	GRCh37	1:229567825A	A
P68133	ACTA1	ENSG00000143632	ENST00000366684	241	GRCh37	1:229567826G	G
P68133	ACTA1	ENSG00000143632	ENST00000366684	241	GRCh37	1:229567827C	C
P68133	ACTA1	ENSG00000143632	ENST00000366684	241	GRCh37	1:229567828T	T
P68133	ACTA1	ENSG00000143632	ENST00000366684	240	GRCh37	1:229567829C	C
P68133	ACTA1	ENSG00000143632	ENST00000366684	240	GRCh37	1:229567830T	T
P68133	ACTA1	ENSG00000143632	ENST00000366684	240	GRCh37	1:229567831T	T
P68133	ACTA1	ENSG00000143632	ENST00000366684	239	GRCh37	1:229567832T	T
P68133	ACTA1	ENSG00000143632	ENST00000366684	239	GRCh37	1:229567833T	T
P68133	ACTA1	ENSG00000143632	ENST00000366684	239	GRCh37	1:229567834C	C
P68133	ACTA1	ENSG00000143632	ENST00000366684	238	GRCh37	1:229567835C	C
P68133	ACTA1	ENSG00000143632	ENST00000366684	238	GRCh37	1:229567836A	A
P68133	ACTA1	ENSG00000143632	ENST00000366684	238	GRCh37	1:229567837G	G
P68133	ACTA1	ENSG00000143632	ENST00000366684	237	GRCh37	1:229567838G	G
P68133	ACTA1	ENSG00000143632	ENST00000366684	237	GRCh37	1:229567839G	G
P68133	ACTA1	ENSG00000143632	ENST00000366684	237	GRCh37	1:229567840A	A
P68133	ACTA1	ENSG00000143632	ENST00000366684	236	GRCh37	1:229567841G	G
P68133	ACTA1	ENSG00000143632	ENST00000366684	236	GRCh37	1:229567842G	G
P68133	ACTA1	ENSG00000143632	ENST00000366684	236	GRCh37	1:229567843A	A
P68133	ACTA1	ENSG00000143632	ENST00000366684	235	GRCh37	1:229567844G	G
P68133	ACTA1	ENSG00000143632	ENST00000366684	235	GRCh37	1:229567845G	G
P68133	ACTA1	ENSG00000143632	ENST00000366684	235	GRCh37	1:229567846A	A
P68133	ACTA1	ENSG00000143632	ENST00000366684	234	GRCh37	1:229567847G	G
P68133	ACTA1	ENSG00000143632	ENST00000366684	234	GRCh37	1:229567848G	G
P68133	ACTA1	ENSG00000143632	ENST00000366684	234	GRCh37	1:229567849A	A
P68133	ACTA1	ENSG00000143632	ENST00000366684	233	GRCh37	1:229567850G	G
P68133	ACTA1	ENSG00000143632	ENST00000366684	233	GRCh37	1:229567851G	G
P68133	ACTA1	ENSG00000143632	ENST00000366684	233	GRCh37	1:229567852C	C
P68133	ACTA1	ENSG00000143632	ENST00000366684	232	GRCh37	1:229567853G	G
P68133	ACTA1	ENSG00000143632	ENST00000366684	232	GRCh37	1:229567854G	G
P68133	ACTA1	ENSG00000143632	ENST00000366684	232	GRCh37	1:229567855C	C
P68133	ACTA1	ENSG00000143632	ENST00000366684	231	GRCh37	1:229567856C	C
P68133	ACTA1	ENSG00000143632	ENST00000366684	231	GRCh37	1:229567857G	G
P68133	ACTA1	ENSG00000143632	ENST00000366684	231	GRCh37	1:229567858T	T
P68133	ACTA1	ENSG00000143632	ENST00000366684	230	GRCh37	1:229567859C	C
P68133	ACTA1	ENSG00000143632	ENST00000366684	230	GRCh37	1:229567860G	G
P68133	ACTA1	ENSG00000143632	ENST00000366684	230	GRCh37	1:229567861C	C
P68133	ACTA1	ENSG00000143632	ENST00000366684	229	GRCh37	1:229567862C	C
P68133	ACTA1	ENSG00000143632	ENST00000366684	229	GRCh37	1:229567863A	A
P68133	ACTA1	ENSG00000143632	ENST00000366684	229	GRCh37	1:229567864T	T
P68133	ACTA1	ENSG00000143632	ENST00000366684	228	GRCh37	1:229567865C	C
P68133	ACTA1	ENSG00000143632	ENST00000366684	228	GRCh37	1:229567866T	T
P68133	ACTA1	ENSG00000143632	ENST00000366684	228	GRCh37	1:229567867C	C
P68133	ACTA1	ENSG00000143632	ENST00000366684	227	GRCh37	1:229567868G	G
P68133	ACTA1	ENSG00000143632	ENST00000366684	227	GRCh37	1:229567869T	T
P68133	ACTA1	ENSG00000143632	ENST00000366684	227	GRCh37	1:229567870T	T
P68133	ACTA1	ENSG00000143632	ENST00000366684	226	GRCh37	1:229567871C	C
P68133	ACTA1	ENSG00000143632	ENST00000366684	226	GRCh37	1:229567872T	T
P68133	ACTA1	ENSG00000143632	ENST00000366684	226	GRCh37	1:229567873C	C
P68133	ACTA1	ENSG00000143632	ENST00000366684	225	GRCh37	1:229567874G	G
P68133	ACTA1	ENSG00000143632	ENST00000366684	225	GRCh37	1:229567875A	A
P68133	ACTA1	ENSG00000143632	ENST00000366684	225	GRCh37	1:229567876A	A
P68133	ACTA1	ENSG00000143632	ENST00000366684	224	GRCh37	1:229567877G	G
P68133	ACTA1	ENSG00000143632	ENST00000366684	224	GRCh37	1:229567878T	T
P68133	ACTA1	ENSG00000143632	ENST00000366684	224	GRCh37	1:229567879C	C
P68133	ACTA1	ENSG00000143632	ENST00000366684	223	GRCh37	1:229567880C	C
P68133	ACTA1	ENSG00000143632	ENST00000366684	223	GRCh37	1:229567881A	A
P68133	ACTA1	ENSG00000143632	ENST00000366684	223	GRCh37	1:229567882G	G
P68133	ACTA1	ENSG00000143632	ENST00000366684	222	GRCh37	1:229567883G	G
P68133	ACTA1	ENSG00000143632	ENST00000366684	222	GRCh37	1:229567884G	G
P68133	ACTA1	ENSG00000143632	ENST00000366684	222	GRCh37	1:229567885C	C
P68133	ACTA1	ENSG00000143632	ENST00000366684	221	GRCh37	1:229567886C	C
P68133	ACTA1	ENSG00000143632	ENST00000366684	221	GRCh37	1:229567887A	A
P68133	ACTA1	ENSG00000143632	ENST00000366684	221	GRCh37	1:229567888C	C
P68133	ACTA1	ENSG00000143632	ENST00000366684	220	GRCh37	1:229567889G	G
P68133	ACTA1	ENSG00000143632	ENST00000366684	220	GRCh37	1:229567890T	T
P68133	ACTA1	ENSG00000143632	ENST00000366684	220	GRCh37	1:229567891A	A
P68133	ACTA1	ENSG00000143632	ENST00000366684	219	GRCh37	1:229567892G	G
P68133	ACTA1	ENSG00000143632	ENST00000366684	219	GRCh37	1:229567893C	C
P68133	ACTA1	ENSG00000143632	ENST00000366684	219	GRCh37	1:229567894A	A
P68133	ACTA1	ENSG00000143632	ENST00000366684	218	GRCh37	1:229567895C	C
P68133	ACTA1	ENSG00000143632	ENST00000366684	218	GRCh37	1:229567896A	A
P68133	ACTA1	ENSG00000143632	ENST00000366684	218	GRCh37	1:229567897G	G
P68133	ACTA1	ENSG00000143632	ENST00000366684	217	GRCh37	1:229567898C	C
P68133	ACTA1	ENSG00000143632	ENST00000366684	217	GRCh37	1:229567899T	T
P68133	ACTA1	ENSG00000143632	ENST00000366684	217	GRCh37	1:229567900T	T
P68133	ACTA1	ENSG00000143632	ENST00000366684	216	GRCh37	1:229567901C	C
P68133	ACTA1	ENSG00000143632	ENST00000366684	216	GRCh37	1:229567902T	T
P68133	ACTA1	ENSG00000143632	ENST00000366684	216	GRCh37	1:229567903C	C
P68133	ACTA1	ENSG00000143632	ENST00000366684	215	GRCh37	1:229567904C	C
P68133	ACTA1	ENSG00000143632	ENST00000366684	215	GRCh37	1:229567905T	T
P68133	ACTA1	ENSG00000143632	ENST00000366684	215	GRCh37	1:229567906T	T
P68133	ACTA1	ENSG00000143632	ENST00000366684	214	GRCh37	1:229567907G	G
P68133	ACTA1	ENSG00000143632	ENST00000366684	214	GRCh37	1:229567908A	A
P68133	ACTA1	ENSG00000143632	ENST00000366684	214	GRCh37	1:229567909T	T
P68133	ACTA1	ENSG00000143632	ENST00000366684	213	GRCh37	1:229567910G	G
P68133	ACTA1	ENSG00000143632	ENST00000366684	213	GRCh37	1:229567911T	T
P68133	ACTA1	ENSG00000143632	ENST00000366684	213	GRCh37	1:229567912C	C
P68133	ACTA1	ENSG00000143632	ENST00000366684	212	GRCh37	1:229567913G	G
P68133	ACTA1	ENSG00000143632	ENST00000366684	212	GRCh37	1:229567914C	C
P68133	ACTA1	ENSG00000143632	ENST00000366684	212	GRCh37	1:229567915G	G
P68133	ACTA1	ENSG00000143632	ENST00000366684	211	GRCh37	1:229567916C	C
P68133	ACTA1	ENSG00000143632	ENST00000366684	211	GRCh37	1:229567917A	A
P68133	ACTA1	ENSG00000143632	ENST00000366684	211	GRCh37	1:229567918C	C
P68133	ACTA1	ENSG00000143632	ENST00000366684	210	GRCh37	1:229567919G	G
P68133	ACTA1	ENSG00000143632	ENST00000366684	210	GRCh37	1:229567920A	A
P68133	ACTA1	ENSG00000143632	ENST00000366684	210	GRCh37	1:229567921T	T
P68133	ACTA1	ENSG00000143632	ENST00000366684	209	GRCh37	1:229567922C	C
P68133	ACTA1	ENSG00000143632	ENST00000366684	209	GRCh37	1:229567923T	T
P68133	ACTA1	ENSG00000143632	ENST00000366684	209	GRCh37	1:229567924C	C
P68133	ACTA1	ENSG00000143632	ENST00000366684	208	GRCh37	1:229567925G	G
P68133	ACTA1	ENSG00000143632	ENST00000366684	208	GRCh37	1:229567926C	C
P68133	ACTA1	ENSG00000143632	ENST00000366684	208	GRCh37	1:229567927G	G
P68133	ACTA1	ENSG00000143632	ENST00000366684	207	GRCh37	1:229567928C	C
P68133	ACTA1	ENSG00000143632	ENST00000366684	207	GRCh37	1:229567929T	T
P68133	ACTA1	ENSG00000143632	ENST00000366684	207	GRCh37	1:229567930C	C
P68133	ACTA1	ENSG00000143632	ENST00000366684	206	GRCh37	1:229567931A	A
P68133	ACTA1	ENSG00000143632	ENST00000366684	206	GRCh37	1:229567932G	G
P68133	ACTA1	ENSG00000143632	ENST00000366684	206	GRCh37	1:229568017C	C
P68133	ACTA1	ENSG00000143632	ENST00000366684	205	GRCh37	1:229568018T	T
P68133	ACTA1	ENSG00000143632	ENST00000366684	205	GRCh37	1:229568019G	G
P68133	ACTA1	ENSG00000143632	ENST00000366684	205	GRCh37	1:229568020T	T
P68133	ACTA1	ENSG00000143632	ENST00000366684	204	GRCh37	1:229568021G	G
P68133	ACTA1	ENSG00000143632	ENST00000366684	204	GRCh37	1:229568022G	G
P68133	ACTA1	ENSG00000143632	ENST00000366684	204	GRCh37	1:229568023T	T
P68133	ACTA1	ENSG00000143632	ENST00000366684	203	GRCh37	1:229568024C	C
P68133	ACTA1	ENSG00000143632	ENST00000366684	203	GRCh37	1:229568025A	A
P68133	ACTA1	ENSG00000143632	ENST00000366684	203	GRCh37	1:229568026C	C
P68133	ACTA1	ENSG00000143632	ENST00000366684	202	GRCh37	1:229568027G	G
P68133	ACTA1	ENSG00000143632	ENST00000366684	202	GRCh37	1:229568028A	A
P68133	ACTA1	ENSG00000143632	ENST00000366684	202	GRCh37	1:229568029A	A
P68133	ACTA1	ENSG00000143632	ENST00000366684	201	GRCh37	1:229568030G	G
P68133	ACTA1	ENSG00000143632	ENST00000366684	201	GRCh37	1:229568031G	G
P68133	ACTA1	ENSG00000143632	ENST00000366684	201	GRCh37	1:229568032A	A
P68133	ACTA1	ENSG00000143632	ENST00000366684	200	GRCh37	1:229568033G	G
P68133	ACTA1	ENSG00000143632	ENST00000366684	200	GRCh37	1:229568034T	T
P68133	ACTA1	ENSG00000143632	ENST00000366684	200	GRCh37	1:229568035A	A
P68133	ACTA1	ENSG00000143632	ENST00000366684	199	GRCh37	1:229568036G	G
P68133	ACTA1	ENSG00000143632	ENST00000366684	199	GRCh37	1:229568037C	C
P68133	ACTA1	ENSG00000143632	ENST00000366684	199	GRCh37	1:229568038C	C
P68133	ACTA1	ENSG00000143632	ENST00000366684	198	GRCh37	1:229568039A	A
P68133	ACTA1	ENSG00000143632	ENST00000366684	198	GRCh37	1:229568040C	C
P68133	ACTA1	ENSG00000143632	ENST00000366684	198	GRCh37	1:229568041G	G
P68133	ACTA1	ENSG00000143632	ENST00000366684	197	GRCh37	1:229568042C	C
P68133	ACTA1	ENSG00000143632	ENST00000366684	197	GRCh37	1:229568043T	T
P68133	ACTA1	ENSG00000143632	ENST00000366684	197	GRCh37	1:229568044C	C
P68133	ACTA1	ENSG00000143632	ENST00000366684	196	GRCh37	1:229568045A	A
P68133	ACTA1	ENSG00000143632	ENST00000366684	196	GRCh37	1:229568046G	G
P68133	ACTA1	ENSG00000143632	ENST00000366684	196	GRCh37	1:229568047T	T
P68133	ACTA1	ENSG00000143632	ENST00000366684	195	GRCh37	1:229568048G	G
P68133	ACTA1	ENSG00000143632	ENST00000366684	195	GRCh37	1:229568049A	A
P68133	ACTA1	ENSG00000143632	ENST00000366684	195	GRCh37	1:229568050G	G
P68133	ACTA1	ENSG00000143632	ENST00000366684	194	GRCh37	1:229568051G	G
P68133	ACTA1	ENSG00000143632	ENST00000366684	194	GRCh37	1:229568052A	A
P68133	ACTA1	ENSG00000143632	ENST00000366684	194	GRCh37	1:229568053T	T
P68133	ACTA1	ENSG00000143632	ENST00000366684	193	GRCh37	1:229568054C	C
P68133	ACTA1	ENSG00000143632	ENST00000366684	193	GRCh37	1:229568055T	T
P68133	ACTA1	ENSG00000143632	ENST00000366684	193	GRCh37	1:229568056T	T
P68133	ACTA1	ENSG00000143632	ENST00000366684	192	GRCh37	1:229568057C	C
P68133	ACTA1	ENSG00000143632	ENST00000366684	192	GRCh37	1:229568058A	A
P68133	ACTA1	ENSG00000143632	ENST00000366684	192	GRCh37	1:229568059T	T
P68133	ACTA1	ENSG00000143632	ENST00000366684	191	GRCh37	1:229568060C	C
P68133	ACTA1	ENSG00000143632	ENST00000366684	191	GRCh37	1:229568061A	A
P68133	ACTA1	ENSG00000143632	ENST00000366684	191	GRCh37	1:229568062G	G
P68133	ACTA1	ENSG00000143632	ENST00000366684	190	GRCh37	1:229568063G	G
P68133	ACTA1	ENSG00000143632	ENST00000366684	190	GRCh37	1:229568064T	T
P68133	ACTA1	ENSG00000143632	ENST00000366684	190	GRCh37	1:229568065A	A
P68133	ACTA1	ENSG00000143632	ENST00000366684	189	GRCh37	1:229568066G	G
P68133	ACTA1	ENSG00000143632	ENST00000366684	189	GRCh37	1:229568067T	T
P68133	ACTA1	ENSG00000143632	ENST00000366684	189	GRCh37	1:229568068C	C
P68133	ACTA1	ENSG00000143632	ENST00000366684	188	GRCh37	1:229568069G	G
P68133	ACTA1	ENSG00000143632	ENST00000366684	188	GRCh37	1:229568070G	G
P68133	ACTA1	ENSG00000143632	ENST00000366684	188	GRCh37	1:229568071T	T
P68133	ACTA1	ENSG00000143632	ENST00000366684	187	GRCh37	1:229568072G	G
P68133	ACTA1	ENSG00000143632	ENST00000366684	187	GRCh37	1:229568073A	A
P68133	ACTA1	ENSG00000143632	ENST00000366684	187	GRCh37	1:229568074G	G
P68133	ACTA1	ENSG00000143632	ENST00000366684	186	GRCh37	1:229568075A	A
P68133	ACTA1	ENSG00000143632	ENST00000366684	186	GRCh37	1:229568076T	T
P68133	ACTA1	ENSG00000143632	ENST00000366684	186	GRCh37	1:229568077C	C
P68133	ACTA1	ENSG00000143632	ENST00000366684	185	GRCh37	1:229568078G	G
P68133	ACTA1	ENSG00000143632	ENST00000366684	185	GRCh37	1:229568079C	C
P68133	ACTA1	ENSG00000143632	ENST00000366684	185	GRCh37	1:229568080G	G
P68133	ACTA1	ENSG00000143632	ENST00000366684	184	GRCh37	1:229568081G	G
P68133	ACTA1	ENSG00000143632	ENST00000366684	184	GRCh37	1:229568082C	C
P68133	ACTA1	ENSG00000143632	ENST00000366684	184	GRCh37	1:229568083C	C
P68133	ACTA1	ENSG00000143632	ENST00000366684	183	GRCh37	1:229568084C	C
P68133	ACTA1	ENSG00000143632	ENST00000366684	183	GRCh37	1:229568085G	G
P68133	ACTA1	ENSG00000143632	ENST00000366684	183	GRCh37	1:229568086C	C
P68133	ACTA1	ENSG00000143632	ENST00000366684	182	GRCh37	1:229568087C	C
P68133	ACTA1	ENSG00000143632	ENST00000366684	182	GRCh37	1:229568088A	A
P68133	ACTA1	ENSG00000143632	ENST00000366684	182	GRCh37	1:229568089G	G
P68133	ACTA1	ENSG00000143632	ENST00000366684	181	GRCh37	1:229568090G	G
P68133	ACTA1	ENSG00000143632	ENST00000366684	181	GRCh37	1:229568091T	T
P68133	ACTA1	ENSG00000143632	ENST00000366684	181	GRCh37	1:229568092C	C
P68133	ACTA1	ENSG00000143632	ENST00000366684	180	GRCh37	1:229568093C	C
P68133	ACTA1	ENSG00000143632	ENST00000366684	180	GRCh37	1:229568094A	A
P68133	ACTA1	ENSG00000143632	ENST00000366684	180	GRCh37	1:229568095G	G
P68133	ACTA1	ENSG00000143632	ENST00000366684	179	GRCh37	1:229568096G	G
P68133	ACTA1	ENSG00000143632	ENST00000366684	179	GRCh37	1:229568097C	C
P68133	ACTA1	ENSG00000143632	ENST00000366684	179	GRCh37	1:229568098G	G
P68133	ACTA1	ENSG00000143632	ENST00000366684	178	GRCh37	1:229568099C	C
P68133	ACTA1	ENSG00000143632	ENST00000366684	178	GRCh37	1:229568100A	A
P68133	ACTA1	ENSG00000143632	ENST00000366684	178	GRCh37	1:229568101T	T
P68133	ACTA1	ENSG00000143632	ENST00000366684	177	GRCh37	1:229568102G	G
P68133	ACTA1	ENSG00000143632	ENST00000366684	177	GRCh37	1:229568103A	A
P68133	ACTA1	ENSG00000143632	ENST00000366684	177	GRCh37	1:229568104T	T
P68133	ACTA1	ENSG00000143632	ENST00000366684	176	GRCh37	1:229568105G	G
P68133	ACTA1	ENSG00000143632	ENST00000366684	176	GRCh37	1:229568106G	G
P68133	ACTA1	ENSG00000143632	ENST00000366684	176	GRCh37	1:229568107C	C
P68133	ACTA1	ENSG00000143632	ENST00000366684	175	GRCh37	1:229568108G	G
P68133	ACTA1	ENSG00000143632	ENST00000366684	175	GRCh37	1:229568109T	T
P68133	ACTA1	ENSG00000143632	ENST00000366684	175	GRCh37	1:229568110G	G
P68133	ACTA1	ENSG00000143632	ENST00000366684	174	GRCh37	1:229568111C	C
P68133	ACTA1	ENSG00000143632	ENST00000366684	174	GRCh37	1:229568112G	G
P68133	ACTA1	ENSG00000143632	ENST00000366684	174	GRCh37	1:229568113G	G
P68133	ACTA1	ENSG00000143632	ENST00000366684	173	GRCh37	1:229568114C	C
P68133	ACTA1	ENSG00000143632	ENST00000366684	173	GRCh37	1:229568115A	A
P68133	ACTA1	ENSG00000143632	ENST00000366684	173	GRCh37	1:229568116G	G
P68133	ACTA1	ENSG00000143632	ENST00000366684	172	GRCh37	1:229568117C	C
P68133	ACTA1	ENSG00000143632	ENST00000366684	172	GRCh37	1:229568118G	G
P68133	ACTA1	ENSG00000143632	ENST00000366684	172	GRCh37	1:229568119C	C
P68133	ACTA1	ENSG00000143632	ENST00000366684	171	GRCh37	1:229568120G	G
P68133	ACTA1	ENSG00000143632	ENST00000366684	171	GRCh37	1:229568121T	T
P68133	ACTA1	ENSG00000143632	ENST00000366684	171	GRCh37	1:229568122A	A
P68133	ACTA1	ENSG00000143632	ENST00000366684	170	GRCh37	1:229568123G	G
P68133	ACTA1	ENSG00000143632	ENST00000366684	170	GRCh37	1:229568124C	C
P68133	ACTA1	ENSG00000143632	ENST00000366684	170	GRCh37	1:229568125C	C
P68133	ACTA1	ENSG00000143632	ENST00000366684	169	GRCh37	1:229568126C	C
P68133	ACTA1	ENSG00000143632	ENST00000366684	169	GRCh37	1:229568127T	T
P68133	ACTA1	ENSG00000143632	ENST00000366684	169	GRCh37	1:229568128C	C
P68133	ACTA1	ENSG00000143632	ENST00000366684	168	GRCh37	1:229568129A	A
P68133	ACTA1	ENSG00000143632	ENST00000366684	168	GRCh37	1:229568130T	T
P68133	ACTA1	ENSG00000143632	ENST00000366684	168	GRCh37	1:229568131A	A
P68133	ACTA1	ENSG00000143632	ENST00000366684	167	GRCh37	1:229568132A	A
P68133	ACTA1	ENSG00000143632	ENST00000366684	167	GRCh37	1:229568133A	A
P68133	ACTA1	ENSG00000143632	ENST00000366684	167	GRCh37	1:229568134T	T
P68133	ACTA1	ENSG00000143632	ENST00000366684	166	GRCh37	1:229568135G	G
P68133	ACTA1	ENSG00000143632	ENST00000366684	166	GRCh37	1:229568136G	G
P68133	ACTA1	ENSG00000143632	ENST00000366684	166	GRCh37	1:229568137G	G
P68133	ACTA1	ENSG00000143632	ENST00000366684	165	GRCh37	1:229568138C	C
P68133	ACTA1	ENSG00000143632	ENST00000366684	165	GRCh37	1:229568139A	A
P68133	ACTA1	ENSG00000143632	ENST00000366684	165	GRCh37	1:229568140C	C
P68133	ACTA1	ENSG00000143632	ENST00000366684	164	GRCh37	1:229568141G	G
P68133	ACTA1	ENSG00000143632	ENST00000366684	164	GRCh37	1:229568142T	T
P68133	ACTA1	ENSG00000143632	ENST00000366684	164	GRCh37	1:229568143T	T
P68133	ACTA1	ENSG00000143632	ENST00000366684	163	GRCh37	1:229568144G	G
P68133	ACTA1	ENSG00000143632	ENST00000366684	163	GRCh37	1:229568145T	T
P68133	ACTA1	ENSG00000143632	ENST00000366684	163	GRCh37	1:229568146G	G
P68133	ACTA1	ENSG00000143632	ENST00000366684	162	GRCh37	1:229568147G	G
P68133	ACTA1	ENSG00000143632	ENST00000366684	162	GRCh37	1:229568148G	G
P68133	ACTA1	ENSG00000143632	ENST00000366684	162	GRCh37	1:229568149T	T
P68133	ACTA1	ENSG00000143632	ENST00000366684	161	GRCh37	1:229568150G	G
P68133	ACTA1	ENSG00000143632	ENST00000366684	161	GRCh37	1:229568151A	A
P68133	ACTA1	ENSG00000143632	ENST00000366684	161	GRCh37	1:229568152C	C
P68133	ACTA1	ENSG00000143632	ENST00000366684	160	GRCh37	1:229568153G	G
P68133	ACTA1	ENSG00000143632	ENST00000366684	160	GRCh37	1:229568154C	C
P68133	ACTA1	ENSG00000143632	ENST00000366684	160	GRCh37	1:229568155C	C
P68133	ACTA1	ENSG00000143632	ENST00000366684	159	GRCh37	1:229568156G	G
P68133	ACTA1	ENSG00000143632	ENST00000366684	159	GRCh37	1:229568157T	T
P68133	ACTA1	ENSG00000143632	ENST00000366684	159	GRCh37	1:229568158C	C
P68133	ACTA1	ENSG00000143632	ENST00000366684	158	GRCh37	1:229568159G	G
P68133	ACTA1	ENSG00000143632	ENST00000366684	158	GRCh37	1:229568160C	C
P68133	ACTA1	ENSG00000143632	ENST00000366684	158	GRCh37	1:229568161C	C
P68133	ACTA1	ENSG00000143632	ENST00000366684	157	GRCh37	1:229568162G	G
P68133	ACTA1	ENSG00000143632	ENST00000366684	157	GRCh37	1:229568163G	G
P68133	ACTA1	ENSG00000143632	ENST00000366684	157	GRCh37	1:229568164A	A
P68133	ACTA1	ENSG00000143632	ENST00000366684	156	GRCh37	1:229568165G	G
P68133	ACTA1	ENSG00000143632	ENST00000366684	156	GRCh37	1:229568166T	T
P68133	ACTA1	ENSG00000143632	ENST00000366684	156	GRCh37	1:229568167C	C
P68133	ACTA1	ENSG00000143632	ENST00000366684	155	GRCh37	1:229568168C	C
P68133	ACTA1	ENSG00000143632	ENST00000366684	155	GRCh37	1:229568169A	A
P68133	ACTA1	ENSG00000143632	ENST00000366684	155	GRCh37	1:229568170G	G
P68133	ACTA1	ENSG00000143632	ENST00000366684	154	GRCh37	1:229568171C	C
P68133	ACTA1	ENSG00000143632	ENST00000366684	154	GRCh37	1:229568172A	A
P68133	ACTA1	ENSG00000143632	ENST00000366684	154	GRCh37	1:229568173C	C
P68133	ACTA1	ENSG00000143632	ENST00000366684	153	GRCh37	1:229568174G	G
P68133	ACTA1	ENSG00000143632	ENST00000366684	153	GRCh37	1:229568175A	A
P68133	ACTA1	ENSG00000143632	ENST00000366684	153	GRCh37	1:229568176T	T
P68133	ACTA1	ENSG00000143632	ENST00000366684	152	GRCh37	1:229568177G	G
P68133	ACTA1	ENSG00000143632	ENST00000366684	152	GRCh37	1:229568178C	C
P68133	ACTA1	ENSG00000143632	ENST00000366684	152	GRCh37	1:229568303C	C
P68133	ACTA1	ENSG00000143632	ENST00000366684	151	GRCh37	1:229568304G	G
P68133	ACTA1	ENSG00000143632	ENST00000366684	151	GRCh37	1:229568305G	G
P68133	ACTA1	ENSG00000143632	ENST00000366684	151	GRCh37	1:229568306T	T
P68133	ACTA1	ENSG00000143632	ENST00000366684	150	GRCh37	1:229568307G	G
P68133	ACTA1	ENSG00000143632	ENST00000366684	150	GRCh37	1:229568308G	G
P68133	ACTA1	ENSG00000143632	ENST00000366684	150	GRCh37	1:229568309T	T
P68133	ACTA1	ENSG00000143632	ENST00000366684	149	GRCh37	1:229568310C	C
P68133	ACTA1	ENSG00000143632	ENST00000366684	149	GRCh37	1:229568311C	C
P68133	ACTA1	ENSG00000143632	ENST00000366684	149	GRCh37	1:229568312T	T
P68133	ACTA1	ENSG00000143632	ENST00000366684	148	GRCh37	1:229568313G	G
P68133	ACTA1	ENSG00000143632	ENST00000366684	148	GRCh37	1:229568314C	C
P68133	ACTA1	ENSG00000143632	ENST00000366684	148	GRCh37	1:229568315C	C
P68133	ACTA1	ENSG00000143632	ENST00000366684	147	GRCh37	1:229568316G	G
P68133	ACTA1	ENSG00000143632	ENST00000366684	147	GRCh37	1:229568317G	G
P68133	ACTA1	ENSG00000143632	ENST00000366684	147	GRCh37	1:229568318A	A
P68133	ACTA1	ENSG00000143632	ENST00000366684	146	GRCh37	1:229568319G	G
P68133	ACTA1	ENSG00000143632	ENST00000366684	146	GRCh37	1:229568320G	G
P68133	ACTA1	ENSG00000143632	ENST00000366684	146	GRCh37	1:229568321C	C
P68133	ACTA1	ENSG00000143632	ENST00000366684	145	GRCh37	1:229568322G	G
P68133	ACTA1	ENSG00000143632	ENST00000366684	145	GRCh37	1:229568323T	T
P68133	ACTA1	ENSG00000143632	ENST00000366684	145	GRCh37	1:229568324A	A
P68133	ACTA1	ENSG00000143632	ENST00000366684	144	GRCh37	1:229568325G	G
P68133	ACTA1	ENSG00000143632	ENST00000366684	144	GRCh37	1:229568326A	A
P68133	ACTA1	ENSG00000143632	ENST00000366684	144	GRCh37	1:229568327G	G
P68133	ACTA1	ENSG00000143632	ENST00000366684	143	GRCh37	1:229568328G	G
P68133	ACTA1	ENSG00000143632	ENST00000366684	143	GRCh37	1:229568329G	G
P68133	ACTA1	ENSG00000143632	ENST00000366684	143	GRCh37	1:229568330A	A
P68133	ACTA1	ENSG00000143632	ENST00000366684	142	GRCh37	1:229568331C	C
P68133	ACTA1	ENSG00000143632	ENST00000366684	142	GRCh37	1:229568332A	A
P68133	ACTA1	ENSG00000143632	ENST00000366684	142	GRCh37	1:229568333G	G
P68133	ACTA1	ENSG00000143632	ENST00000366684	141	GRCh37	1:229568334C	C
P68133	ACTA1	ENSG00000143632	ENST00000366684	141	GRCh37	1:229568335A	A
P68133	ACTA1	ENSG00000143632	ENST00000366684	141	GRCh37	1:229568336C	C
P68133	ACTA1	ENSG00000143632	ENST00000366684	140	GRCh37	1:229568337G	G
P68133	ACTA1	ENSG00000143632	ENST00000366684	140	GRCh37	1:229568338G	G
P68133	ACTA1	ENSG00000143632	ENST00000366684	140	GRCh37	1:229568339C	C
P68133	ACTA1	ENSG00000143632	ENST00000366684	139	GRCh37	1:229568340C	C
P68133	ACTA1	ENSG00000143632	ENST00000366684	139	GRCh37	1:229568341T	T
P68133	ACTA1	ENSG00000143632	ENST00000366684	139	GRCh37	1:229568342G	G
P68133	ACTA1	ENSG00000143632	ENST00000366684	138	GRCh37	1:229568343G	G
P68133	ACTA1	ENSG00000143632	ENST00000366684	138	GRCh37	1:229568344A	A
P68133	ACTA1	ENSG00000143632	ENST00000366684	138	GRCh37	1:229568345T	T
P68133	ACTA1	ENSG00000143632	ENST00000366684	137	GRCh37	1:229568346G	G
P68133	ACTA1	ENSG00000143632	ENST00000366684	137	GRCh37	1:229568347G	G
P68133	ACTA1	ENSG00000143632	ENST00000366684	137	GRCh37	1:229568348C	C
P68133	ACTA1	ENSG00000143632	ENST00000366684	136	GRCh37	1:229568349C	C
P68133	ACTA1	ENSG00000143632	ENST00000366684	136	GRCh37	1:229568350A	A
P68133	ACTA1	ENSG00000143632	ENST00000366684	136	GRCh37	1:229568351C	C
P68133	ACTA1	ENSG00000143632	ENST00000366684	135	GRCh37	1:229568352G	G
P68133	ACTA1	ENSG00000143632	ENST00000366684	135	GRCh37	1:229568353T	T
P68133	ACTA1	ENSG00000143632	ENST00000366684	135	GRCh37	1:229568354A	A
P68133	ACTA1	ENSG00000143632	ENST00000366684	134	GRCh37	1:229568355C	C
P68133	ACTA1	ENSG00000143632	ENST00000366684	134	GRCh37	1:229568356A	A
P68133	ACTA1	ENSG00000143632	ENST00000366684	134	GRCh37	1:229568357T	T
P68133	ACTA1	ENSG00000143632	ENST00000366684	133	GRCh37	1:229568358G	G
P68133	ACTA1	ENSG00000143632	ENST00000366684	133	GRCh37	1:229568359G	G
P68133	ACTA1	ENSG00000143632	ENST00000366684	133	GRCh37	1:229568360C	C
P68133	ACTA1	ENSG00000143632	ENST00000366684	132	GRCh37	1:229568361G	G
P68133	ACTA1	ENSG00000143632	ENST00000366684	132	GRCh37	1:229568362G	G
P68133	ACTA1	ENSG00000143632	ENST00000366684	132	GRCh37	1:229568363G	G
P68133	ACTA1	ENSG00000143632	ENST00000366684	131	GRCh37	1:229568364C	C
P68133	ACTA1	ENSG00000143632	ENST00000366684	131	GRCh37	1:229568365A	A
P68133	ACTA1	ENSG00000143632	ENST00000366684	131	GRCh37	1:229568366C	C
P68133	ACTA1	ENSG00000143632	ENST00000366684	130	GRCh37	1:229568367G	G
P68133	ACTA1	ENSG00000143632	ENST00000366684	130	GRCh37	1:229568368T	T
P68133	ACTA1	ENSG00000143632	ENST00000366684	130	GRCh37	1:229568369T	T
P68133	ACTA1	ENSG00000143632	ENST00000366684	129	GRCh37	1:229568370G	G
P68133	ACTA1	ENSG00000143632	ENST00000366684	129	GRCh37	1:229568371A	A
P68133	ACTA1	ENSG00000143632	ENST00000366684	129	GRCh37	1:229568372A	A
P68133	ACTA1	ENSG00000143632	ENST00000366684	128	GRCh37	1:229568373G	G
P68133	ACTA1	ENSG00000143632	ENST00000366684	128	GRCh37	1:229568374G	G
P68133	ACTA1	ENSG00000143632	ENST00000366684	128	GRCh37	1:229568375T	T
P68133	ACTA1	ENSG00000143632	ENST00000366684	127	GRCh37	1:229568376C	C
P68133	ACTA1	ENSG00000143632	ENST00000366684	127	GRCh37	1:229568377T	T
P68133	ACTA1	ENSG00000143632	ENST00000366684	127	GRCh37	1:229568378C	C
P68133	ACTA1	ENSG00000143632	ENST00000366684	126	GRCh37	1:229568379A	A
P68133	ACTA1	ENSG00000143632	ENST00000366684	126	GRCh37	1:229568380A	A
P68133	ACTA1	ENSG00000143632	ENST00000366684	126	GRCh37	1:229568381A	A
P68133	ACTA1	ENSG00000143632	ENST00000366684	125	GRCh37	1:229568382C	C
P68133	ACTA1	ENSG00000143632	ENST00000366684	125	GRCh37	1:229568383A	A
P68133	ACTA1	ENSG00000143632	ENST00000366684	125	GRCh37	1:229568384T	T
P68133	ACTA1	ENSG00000143632	ENST00000366684	124	GRCh37	1:229568385G	G
P68133	ACTA1	ENSG00000143632	ENST00000366684	124	GRCh37	1:229568386A	A
P68133	ACTA1	ENSG00000143632	ENST00000366684	124	GRCh37	1:229568387T	T
P68133	ACTA1	ENSG00000143632	ENST00000366684	123	GRCh37	1:229568388C	C
P68133	ACTA1	ENSG00000143632	ENST00000366684	123	GRCh37	1:229568389T	T
P68133	ACTA1	ENSG00000143632	ENST00000366684	123	GRCh37	1:229568390G	G
P68133	ACTA1	ENSG00000143632	ENST00000366684	122	GRCh37	1:229568391G	G
P68133	ACTA1	ENSG00000143632	ENST00000366684	122	GRCh37	1:229568392G	G
P68133	ACTA1	ENSG00000143632	ENST00000366684	122	GRCh37	1:229568393T	T
P68133	ACTA1	ENSG00000143632	ENST00000366684	121	GRCh37	1:229568394C	C
P68133	ACTA1	ENSG00000143632	ENST00000366684	121	GRCh37	1:229568395A	A
P68133	ACTA1	ENSG00000143632	ENST00000366684	121	GRCh37	1:229568396T	T
P68133	ACTA1	ENSG00000143632	ENST00000366684	120	GRCh37	1:229568397C	C
P68133	ACTA1	ENSG00000143632	ENST00000366684	120	GRCh37	1:229568398T	T
P68133	ACTA1	ENSG00000143632	ENST00000366684	120	GRCh37	1:229568399T	T
P68133	ACTA1	ENSG00000143632	ENST00000366684	119	GRCh37	1:229568400C	C
P68133	ACTA1	ENSG00000143632	ENST00000366684	119	GRCh37	1:229568401T	T
P68133	ACTA1	ENSG00000143632	ENST00000366684	119	GRCh37	1:229568402C	C
P68133	ACTA1	ENSG00000143632	ENST00000366684	118	GRCh37	1:229568403G	G
P68133	ACTA1	ENSG00000143632	ENST00000366684	118	GRCh37	1:229568404C	C
P68133	ACTA1	ENSG00000143632	ENST00000366684	118	GRCh37	1:229568405G	G
P68133	ACTA1	ENSG00000143632	ENST00000366684	117	GRCh37	1:229568406G	G
P68133	ACTA1	ENSG00000143632	ENST00000366684	117	GRCh37	1:229568407T	T
P68133	ACTA1	ENSG00000143632	ENST00000366684	117	GRCh37	1:229568408T	T
P68133	ACTA1	ENSG00000143632	ENST00000366684	116	GRCh37	1:229568409G	G
P68133	ACTA1	ENSG00000143632	ENST00000366684	116	GRCh37	1:229568410G	G
P68133	ACTA1	ENSG00000143632	ENST00000366684	116	GRCh37	1:229568411C	C
P68133	ACTA1	ENSG00000143632	ENST00000366684	115	GRCh37	1:229568412C	C
P68133	ACTA1	ENSG00000143632	ENST00000366684	115	GRCh37	1:229568413T	T
P68133	ACTA1	ENSG00000143632	ENST00000366684	115	GRCh37	1:229568414T	T
P68133	ACTA1	ENSG00000143632	ENST00000366684	114	GRCh37	1:229568415G	G
P68133	ACTA1	ENSG00000143632	ENST00000366684	114	GRCh37	1:229568416G	G
P68133	ACTA1	ENSG00000143632	ENST00000366684	114	GRCh37	1:229568417G	G
P68133	ACTA1	ENSG00000143632	ENST00000366684	113	GRCh37	1:229568418A	A
P68133	ACTA1	ENSG00000143632	ENST00000366684	113	GRCh37	1:229568419T	T
P68133	ACTA1	ENSG00000143632	ENST00000366684	113	GRCh37	1:229568420T	T
P68133	ACTA1	ENSG00000143632	ENST00000366684	112	GRCh37	1:229568421G	G
P68133	ACTA1	ENSG00000143632	ENST00000366684	112	GRCh37	1:229568422A	A
P68133	ACTA1	ENSG00000143632	ENST00000366684	112	GRCh37	1:229568423G	G
P68133	ACTA1	ENSG00000143632	ENST00000366684	111	GRCh37	1:229568424G	G
P68133	ACTA1	ENSG00000143632	ENST00000366684	111	GRCh37	1:229568425G	G
P68133	ACTA1	ENSG00000143632	ENST00000366684	111	GRCh37	1:229568426G	G
P68133	ACTA1	ENSG00000143632	ENST00000366684	110	GRCh37	1:229568427G	G
P68133	ACTA1	ENSG00000143632	ENST00000366684	110	GRCh37	1:229568428G	G
P68133	ACTA1	ENSG00000143632	ENST00000366684	110	GRCh37	1:229568429C	C
P68133	ACTA1	ENSG00000143632	ENST00000366684	109	GRCh37	1:229568430C	C
P68133	ACTA1	ENSG00000143632	ENST00000366684	109	GRCh37	1:229568431T	T
P68133	ACTA1	ENSG00000143632	ENST00000366684	109	GRCh37	1:229568432C	C
P68133	ACTA1	ENSG00000143632	ENST00000366684	108	GRCh37	1:229568433G	G
P68133	ACTA1	ENSG00000143632	ENST00000366684	108	GRCh37	1:229568434G	G
P68133	ACTA1	ENSG00000143632	ENST00000366684	108	GRCh37	1:229568435T	T
P68133	ACTA1	ENSG00000143632	ENST00000366684	107	GRCh37	1:229568436G	G
P68133	ACTA1	ENSG00000143632	ENST00000366684	107	GRCh37	1:229568437A	A
P68133	ACTA1	ENSG00000143632	ENST00000366684	107	GRCh37	1:229568438G	G
P68133	ACTA1	ENSG00000143632	ENST00000366684	106	GRCh37	1:229568439C	C
P68133	ACTA1	ENSG00000143632	ENST00000366684	106	GRCh37	1:229568440A	A
P68133	ACTA1	ENSG00000143632	ENST00000366684	106	GRCh37	1:229568441G	G
P68133	ACTA1	ENSG00000143632	ENST00000366684	105	GRCh37	1:229568442G	G
P68133	ACTA1	ENSG00000143632	ENST00000366684	105	GRCh37	1:229568443G	G
P68133	ACTA1	ENSG00000143632	ENST00000366684	105	GRCh37	1:229568444T	T
P68133	ACTA1	ENSG00000143632	ENST00000366684	104	GRCh37	1:229568445G	G
P68133	ACTA1	ENSG00000143632	ENST00000366684	104	GRCh37	1:229568446G	G
P68133	ACTA1	ENSG00000143632	ENST00000366684	104	GRCh37	1:229568447G	G
P68133	ACTA1	ENSG00000143632	ENST00000366684	103	GRCh37	1:229568448G	G
P68133	ACTA1	ENSG00000143632	ENST00000366684	103	GRCh37	1:229568449T	T
P68133	ACTA1	ENSG00000143632	ENST00000366684	103	GRCh37	1:229568450G	G
P68133	ACTA1	ENSG00000143632	ENST00000366684	102	GRCh37	1:229568451C	C
P68133	ACTA1	ENSG00000143632	ENST00000366684	102	GRCh37	1:229568452T	T
P68133	ACTA1	ENSG00000143632	ENST00000366684	102	GRCh37	1:229568453C	C
P68133	ACTA1	ENSG00000143632	ENST00000366684	101	GRCh37	1:229568454C	C
P68133	ACTA1	ENSG00000143632	ENST00000366684	101	GRCh37	1:229568455T	T
P68133	ACTA1	ENSG00000143632	ENST00000366684	101	GRCh37	1:229568456C	C
P68133	ACTA1	ENSG00000143632	ENST00000366684	100	GRCh37	1:229568457G	G
P68133	ACTA1	ENSG00000143632	ENST00000366684	100	GRCh37	1:229568458G	G
P68133	ACTA1	ENSG00000143632	ENST00000366684	100	GRCh37	1:229568459G	G
P68133	ACTA1	ENSG00000143632	ENST00000366684	99	GRCh37	1:229568460A	A
P68133	ACTA1	ENSG00000143632	ENST00000366684	99	GRCh37	1:229568461G	G
P68133	ACTA1	ENSG00000143632	ENST00000366684	99	GRCh37	1:229568462C	C
P68133	ACTA1	ENSG00000143632	ENST00000366684	98	GRCh37	1:229568463C	C
P68133	ACTA1	ENSG00000143632	ENST00000366684	98	GRCh37	1:229568464A	A
P68133	ACTA1	ENSG00000143632	ENST00000366684	98	GRCh37	1:229568465C	C
P68133	ACTA1	ENSG00000143632	ENST00000366684	97	GRCh37	1:229568466G	G
P68133	ACTA1	ENSG00000143632	ENST00000366684	97	GRCh37	1:229568467C	C
P68133	ACTA1	ENSG00000143632	ENST00000366684	97	GRCh37	1:229568468G	G
P68133	ACTA1	ENSG00000143632	ENST00000366684	96	GRCh37	1:229568469A	A
P68133	ACTA1	ENSG00000143632	ENST00000366684	96	GRCh37	1:229568470A	A
P68133	ACTA1	ENSG00000143632	ENST00000366684	96	GRCh37	1:229568471G	G
P68133	ACTA1	ENSG00000143632	ENST00000366684	95	GRCh37	1:229568472C	C
P68133	ACTA1	ENSG00000143632	ENST00000366684	95	GRCh37	1:229568473T	T
P68133	ACTA1	ENSG00000143632	ENST00000366684	95	GRCh37	1:229568474C	C
P68133	ACTA1	ENSG00000143632	ENST00000366684	94	GRCh37	1:229568475G	G
P68133	ACTA1	ENSG00000143632	ENST00000366684	94	GRCh37	1:229568476T	T
P68133	ACTA1	ENSG00000143632	ENST00000366684	94	GRCh37	1:229568477T	T
P68133	ACTA1	ENSG00000143632	ENST00000366684	93	GRCh37	1:229568478G	G
P68133	ACTA1	ENSG00000143632	ENST00000366684	93	GRCh37	1:229568479T	T
P68133	ACTA1	ENSG00000143632	ENST00000366684	93	GRCh37	1:229568480A	A
P68133	ACTA1	ENSG00000143632	ENST00000366684	92	GRCh37	1:229568481G	G
P68133	ACTA1	ENSG00000143632	ENST00000366684	92	GRCh37	1:229568482A	A
P68133	ACTA1	ENSG00000143632	ENST00000366684	92	GRCh37	1:229568483A	A
P68133	ACTA1	ENSG00000143632	ENST00000366684	91	GRCh37	1:229568484G	G
P68133	ACTA1	ENSG00000143632	ENST00000366684	91	GRCh37	1:229568485G	G
P68133	ACTA1	ENSG00000143632	ENST00000366684	91	GRCh37	1:229568486T	T
P68133	ACTA1	ENSG00000143632	ENST00000366684	90	GRCh37	1:229568487G	G
P68133	ACTA1	ENSG00000143632	ENST00000366684	90	GRCh37	1:229568488T	T
P68133	ACTA1	ENSG00000143632	ENST00000366684	90	GRCh37	1:229568489G	G
P68133	ACTA1	ENSG00000143632	ENST00000366684	89	GRCh37	1:229568490G	G
P68133	ACTA1	ENSG00000143632	ENST00000366684	89	GRCh37	1:229568491T	T
P68133	ACTA1	ENSG00000143632	ENST00000366684	89	GRCh37	1:229568492G	G
P68133	ACTA1	ENSG00000143632	ENST00000366684	88	GRCh37	1:229568493C	C
P68133	ACTA1	ENSG00000143632	ENST00000366684	88	GRCh37	1:229568494C	C
P68133	ACTA1	ENSG00000143632	ENST00000366684	88	GRCh37	1:229568495A	A
P68133	ACTA1	ENSG00000143632	ENST00000366684	87	GRCh37	1:229568496G	G
P68133	ACTA1	ENSG00000143632	ENST00000366684	87	GRCh37	1:229568497A	A
P68133	ACTA1	ENSG00000143632	ENST00000366684	87	GRCh37	1:229568498T	T
P68133	ACTA1	ENSG00000143632	ENST00000366684	86	GRCh37	1:229568499C	C
P68133	ACTA1	ENSG00000143632	ENST00000366684	86	GRCh37	1:229568500T	T
P68133	ACTA1	ENSG00000143632	ENST00000366684	86	GRCh37	1:229568501T	T
P68133	ACTA1	ENSG00000143632	ENST00000366684	85	GRCh37	1:229568502C	C
P68133	ACTA1	ENSG00000143632	ENST00000366684	85	GRCh37	1:229568503T	T
P68133	ACTA1	ENSG00000143632	ENST00000366684	85	GRCh37	1:229568504C	C
P68133	ACTA1	ENSG00000143632	ENST00000366684	84	GRCh37	1:229568505C	C
P68133	ACTA1	ENSG00000143632	ENST00000366684	84	GRCh37	1:229568506A	A
P68133	ACTA1	ENSG00000143632	ENST00000366684	84	GRCh37	1:229568507T	T
P68133	ACTA1	ENSG00000143632	ENST00000366684	83	GRCh37	1:229568508G	G
P68133	ACTA1	ENSG00000143632	ENST00000366684	83	GRCh37	1:229568509T	T
P68133	ACTA1	ENSG00000143632	ENST00000366684	83	GRCh37	1:229568510C	C
P68133	ACTA1	ENSG00000143632	ENST00000366684	82	GRCh37	1:229568511A	A
P68133	ACTA1	ENSG00000143632	ENST00000366684	82	GRCh37	1:229568512T	T
P68133	ACTA1	ENSG00000143632	ENST00000366684	82	GRCh37	1:229568513C	C
P68133	ACTA1	ENSG00000143632	ENST00000366684	81	GRCh37	1:229568514C	C
P68133	ACTA1	ENSG00000143632	ENST00000366684	81	GRCh37	1:229568515C	C
P68133	ACTA1	ENSG00000143632	ENST00000366684	81	GRCh37	1:229568516A	A
P68133	ACTA1	ENSG00000143632	ENST00000366684	80	GRCh37	1:229568517G	G
P68133	ACTA1	ENSG00000143632	ENST00000366684	80	GRCh37	1:229568518T	T
P68133	ACTA1	ENSG00000143632	ENST00000366684	80	GRCh37	1:229568519T	T
P68133	ACTA1	ENSG00000143632	ENST00000366684	79	GRCh37	1:229568520G	G
P68133	ACTA1	ENSG00000143632	ENST00000366684	79	GRCh37	1:229568521G	G
P68133	ACTA1	ENSG00000143632	ENST00000366684	79	GRCh37	1:229568522T	T
P68133	ACTA1	ENSG00000143632	ENST00000366684	78	GRCh37	1:229568523G	G
P68133	ACTA1	ENSG00000143632	ENST00000366684	78	GRCh37	1:229568524A	A
P68133	ACTA1	ENSG00000143632	ENST00000366684	78	GRCh37	1:229568525T	T
P68133	ACTA1	ENSG00000143632	ENST00000366684	77	GRCh37	1:229568526G	G
P68133	ACTA1	ENSG00000143632	ENST00000366684	77	GRCh37	1:229568527A	A
P68133	ACTA1	ENSG00000143632	ENST00000366684	77	GRCh37	1:229568528T	T
P68133	ACTA1	ENSG00000143632	ENST00000366684	76	GRCh37	1:229568529G	G
P68133	ACTA1	ENSG00000143632	ENST00000366684	76	GRCh37	1:229568530C	C
P68133	ACTA1	ENSG00000143632	ENST00000366684	76	GRCh37	1:229568531C	C
P68133	ACTA1	ENSG00000143632	ENST00000366684	75	GRCh37	1:229568532G	G
P68133	ACTA1	ENSG00000143632	ENST00000366684	75	GRCh37	1:229568533T	T
P68133	ACTA1	ENSG00000143632	ENST00000366684	75	GRCh37	1:229568534G	G
P68133	ACTA1	ENSG00000143632	ENST00000366684	74	GRCh37	1:229568535C	C
P68133	ACTA1	ENSG00000143632	ENST00000366684	74	GRCh37	1:229568536T	T
P68133	ACTA1	ENSG00000143632	ENST00000366684	74	GRCh37	1:229568537C	C
P68133	ACTA1	ENSG00000143632	ENST00000366684	73	GRCh37	1:229568538G	G
P68133	ACTA1	ENSG00000143632	ENST00000366684	73	GRCh37	1:229568539A	A
P68133	ACTA1	ENSG00000143632	ENST00000366684	73	GRCh37	1:229568540T	T
P68133	ACTA1	ENSG00000143632	ENST00000366684	72	GRCh37	1:229568541A	A
P68133	ACTA1	ENSG00000143632	ENST00000366684	72	GRCh37	1:229568542G	G
P68133	ACTA1	ENSG00000143632	ENST00000366684	72	GRCh37	1:229568543G	G
P68133	ACTA1	ENSG00000143632	ENST00000366684	71	GRCh37	1:229568544G	G
P68133	ACTA1	ENSG00000143632	ENST00000366684	71	GRCh37	1:229568545T	T
P68133	ACTA1	ENSG00000143632	ENST00000366684	71	GRCh37	1:229568546A	A
P68133	ACTA1	ENSG00000143632	ENST00000366684	70	GRCh37	1:229568547C	C
P68133	ACTA1	ENSG00000143632	ENST00000366684	70	GRCh37	1:229568548T	T
P68133	ACTA1	ENSG00000143632	ENST00000366684	70	GRCh37	1:229568549T	T
P68133	ACTA1	ENSG00000143632	ENST00000366684	69	GRCh37	1:229568550C	C
P68133	ACTA1	ENSG00000143632	ENST00000366684	69	GRCh37	1:229568551A	A
P68133	ACTA1	ENSG00000143632	ENST00000366684	69	GRCh37	1:229568552G	G
P68133	ACTA1	ENSG00000143632	ENST00000366684	68	GRCh37	1:229568553G	G
P68133	ACTA1	ENSG00000143632	ENST00000366684	68	GRCh37	1:229568554G	G
P68133	ACTA1	ENSG00000143632	ENST00000366684	68	GRCh37	1:229568555T	T
P68133	ACTA1	ENSG00000143632	ENST00000366684	67	GRCh37	1:229568556C	C
P68133	ACTA1	ENSG00000143632	ENST00000366684	67	GRCh37	1:229568557A	A
P68133	ACTA1	ENSG00000143632	ENST00000366684	67	GRCh37	1:229568558G	G
P68133	ACTA1	ENSG00000143632	ENST00000366684	66	GRCh37	1:229568559G	G
P68133	ACTA1	ENSG00000143632	ENST00000366684	66	GRCh37	1:229568560A	A
P68133	ACTA1	ENSG00000143632	ENST00000366684	66	GRCh37	1:229568561T	T
P68133	ACTA1	ENSG00000143632	ENST00000366684	65	GRCh37	1:229568562A	A
P68133	ACTA1	ENSG00000143632	ENST00000366684	65	GRCh37	1:229568563C	C
P68133	ACTA1	ENSG00000143632	ENST00000366684	65	GRCh37	1:229568564C	C
P68133	ACTA1	ENSG00000143632	ENST00000366684	64	GRCh37	1:229568565T	T
P68133	ACTA1	ENSG00000143632	ENST00000366684	64	GRCh37	1:229568566C	C
P68133	ACTA1	ENSG00000143632	ENST00000366684	64	GRCh37	1:229568567T	T
P68133	ACTA1	ENSG00000143632	ENST00000366684	63	GRCh37	1:229568568C	C
P68133	ACTA1	ENSG00000143632	ENST00000366684	63	GRCh37	1:229568569T	T
P68133	ACTA1	ENSG00000143632	ENST00000366684	63	GRCh37	1:229568570T	T
P68133	ACTA1	ENSG00000143632	ENST00000366684	62	GRCh37	1:229568571G	G
P68133	ACTA1	ENSG00000143632	ENST00000366684	62	GRCh37	1:229568572C	C
P68133	ACTA1	ENSG00000143632	ENST00000366684	62	GRCh37	1:229568573T	T
P68133	ACTA1	ENSG00000143632	ENST00000366684	61	GRCh37	1:229568574C	C
P68133	ACTA1	ENSG00000143632	ENST00000366684	61	GRCh37	1:229568575T	T
P68133	ACTA1	ENSG00000143632	ENST00000366684	61	GRCh37	1:229568576G	G
P68133	ACTA1	ENSG00000143632	ENST00000366684	60	GRCh37	1:229568577A	A
P68133	ACTA1	ENSG00000143632	ENST00000366684	60	GRCh37	1:229568578G	G
P68133	ACTA1	ENSG00000143632	ENST00000366684	60	GRCh37	1:229568579C	C
P68133	ACTA1	ENSG00000143632	ENST00000366684	59	GRCh37	1:229568580C	C
P68133	ACTA1	ENSG00000143632	ENST00000366684	59	GRCh37	1:229568581T	T
P68133	ACTA1	ENSG00000143632	ENST00000366684	59	GRCh37	1:229568582C	C
P68133	ACTA1	ENSG00000143632	ENST00000366684	58	GRCh37	1:229568583G	G
P68133	ACTA1	ENSG00000143632	ENST00000366684	58	GRCh37	1:229568584T	T
P68133	ACTA1	ENSG00000143632	ENST00000366684	58	GRCh37	1:229568585C	C
P68133	ACTA1	ENSG00000143632	ENST00000366684	57	GRCh37	1:229568586G	G
P68133	ACTA1	ENSG00000143632	ENST00000366684	57	GRCh37	1:229568587C	C
P68133	ACTA1	ENSG00000143632	ENST00000366684	57	GRCh37	1:229568588C	C
P68133	ACTA1	ENSG00000143632	ENST00000366684	56	GRCh37	1:229568589C	C
P68133	ACTA1	ENSG00000143632	ENST00000366684	56	GRCh37	1:229568590A	A
P68133	ACTA1	ENSG00000143632	ENST00000366684	56	GRCh37	1:229568591C	C
P68133	ACTA1	ENSG00000143632	ENST00000366684	55	GRCh37	1:229568592G	G
P68133	ACTA1	ENSG00000143632	ENST00000366684	55	GRCh37	1:229568593T	T
P68133	ACTA1	ENSG00000143632	ENST00000366684	55	GRCh37	1:229568594A	A
P68133	ACTA1	ENSG00000143632	ENST00000366684	54	GRCh37	1:229568595G	G
P68133	ACTA1	ENSG00000143632	ENST00000366684	54	GRCh37	1:229568596G	G
P68133	ACTA1	ENSG00000143632	ENST00000366684	54	GRCh37	1:229568597A	A
P68133	ACTA1	ENSG00000143632	ENST00000366684	53	GRCh37	1:229568598A	A
P68133	ACTA1	ENSG00000143632	ENST00000366684	53	GRCh37	1:229568599T	T
P68133	ACTA1	ENSG00000143632	ENST00000366684	53	GRCh37	1:229568600C	C
P68133	ACTA1	ENSG00000143632	ENST00000366684	52	GRCh37	1:229568601T	T
P68133	ACTA1	ENSG00000143632	ENST00000366684	52	GRCh37	1:229568602T	T
P68133	ACTA1	ENSG00000143632	ENST00000366684	52	GRCh37	1:229568603T	T
P68133	ACTA1	ENSG00000143632	ENST00000366684	51	GRCh37	1:229568604C	C
P68133	ACTA1	ENSG00000143632	ENST00000366684	51	GRCh37	1:229568605T	T
P68133	ACTA1	ENSG00000143632	ENST00000366684	51	GRCh37	1:229568606G	G
P68133	ACTA1	ENSG00000143632	ENST00000366684	50	GRCh37	1:229568607A	A
P68133	ACTA1	ENSG00000143632	ENST00000366684	50	GRCh37	1:229568608C	C
P68133	ACTA1	ENSG00000143632	ENST00000366684	50	GRCh37	1:229568609C	C
P68133	ACTA1	ENSG00000143632	ENST00000366684	49	GRCh37	1:229568610C	C
P68133	ACTA1	ENSG00000143632	ENST00000366684	49	GRCh37	1:229568611A	A
P68133	ACTA1	ENSG00000143632	ENST00000366684	49	GRCh37	1:229568612T	T
P68133	ACTA1	ENSG00000143632	ENST00000366684	48	GRCh37	1:229568613A	A
P68133	ACTA1	ENSG00000143632	ENST00000366684	48	GRCh37	1:229568614C	C
P68133	ACTA1	ENSG00000143632	ENST00000366684	48	GRCh37	1:229568615C	C
P68133	ACTA1	ENSG00000143632	ENST00000366684	47	GRCh37	1:229568616G	G
P68133	ACTA1	ENSG00000143632	ENST00000366684	47	GRCh37	1:229568617A	A
P68133	ACTA1	ENSG00000143632	ENST00000366684	47	GRCh37	1:229568618C	C
P68133	ACTA1	ENSG00000143632	ENST00000366684	46	GRCh37	1:229568619C	C
P68133	ACTA1	ENSG00000143632	ENST00000366684	46	GRCh37	1:229568620A	A
P68133	ACTA1	ENSG00000143632	ENST00000366684	46	GRCh37	1:229568621T	T
P68133	ACTA1	ENSG00000143632	ENST00000366684	45	GRCh37	1:229568622G	G
P68133	ACTA1	ENSG00000143632	ENST00000366684	45	GRCh37	1:229568623A	A
P68133	ACTA1	ENSG00000143632	ENST00000366684	45	GRCh37	1:229568624C	C
P68133	ACTA1	ENSG00000143632	ENST00000366684	44	GRCh37	1:229568625G	G
P68133	ACTA1	ENSG00000143632	ENST00000366684	44	GRCh37	1:229568626C	C
P68133	ACTA1	ENSG00000143632	ENST00000366684	44	GRCh37	1:229568627C	C
P68133	ACTA1	ENSG00000143632	ENST00000366684	43	GRCh37	1:229568734C	C
P68133	ACTA1	ENSG00000143632	ENST00000366684	43	GRCh37	1:229568735T	T
P68133	ACTA1	ENSG00000143632	ENST00000366684	43	GRCh37	1:229568736G	G
P68133	ACTA1	ENSG00000143632	ENST00000366684	42	GRCh37	1:229568737G	G
P68133	ACTA1	ENSG00000143632	ENST00000366684	42	GRCh37	1:229568738T	T
P68133	ACTA1	ENSG00000143632	ENST00000366684	42	GRCh37	1:229568739G	G
P68133	ACTA1	ENSG00000143632	ENST00000366684	41	GRCh37	1:229568740T	T
P68133	ACTA1	ENSG00000143632	ENST00000366684	41	GRCh37	1:229568741C	C
P68133	ACTA1	ENSG00000143632	ENST00000366684	41	GRCh37	1:229568742G	G
P68133	ACTA1	ENSG00000143632	ENST00000366684	40	GRCh37	1:229568743G	G
P68133	ACTA1	ENSG00000143632	ENST00000366684	40	GRCh37	1:229568744G	G
P68133	ACTA1	ENSG00000143632	ENST00000366684	40	GRCh37	1:229568745G	G
P68133	ACTA1	ENSG00000143632	ENST00000366684	39	GRCh37	1:229568746G	G
P68133	ACTA1	ENSG00000143632	ENST00000366684	39	GRCh37	1:229568747C	C
P68133	ACTA1	ENSG00000143632	ENST00000366684	39	GRCh37	1:229568748G	G
P68133	ACTA1	ENSG00000143632	ENST00000366684	38	GRCh37	1:229568749G	G
P68133	ACTA1	ENSG00000143632	ENST00000366684	38	GRCh37	1:229568750C	C
P68133	ACTA1	ENSG00000143632	ENST00000366684	38	GRCh37	1:229568751C	C
P68133	ACTA1	ENSG00000143632	ENST00000366684	37	GRCh37	1:229568752C	C
P68133	ACTA1	ENSG00000143632	ENST00000366684	37	GRCh37	1:229568753A	A
P68133	ACTA1	ENSG00000143632	ENST00000366684	37	GRCh37	1:229568754C	C
P68133	ACTA1	ENSG00000143632	ENST00000366684	36	GRCh37	1:229568755G	G
P68133	ACTA1	ENSG00000143632	ENST00000366684	36	GRCh37	1:229568756A	A
P68133	ACTA1	ENSG00000143632	ENST00000366684	36	GRCh37	1:229568757T	T
P68133	ACTA1	ENSG00000143632	ENST00000366684	35	GRCh37	1:229568758G	G
P68133	ACTA1	ENSG00000143632	ENST00000366684	35	GRCh37	1:229568759G	G
P68133	ACTA1	ENSG00000143632	ENST00000366684	35	GRCh37	1:229568760A	A
P68133	ACTA1	ENSG00000143632	ENST00000366684	34	GRCh37	1:229568761C	C
P68133	ACTA1	ENSG00000143632	ENST00000366684	34	GRCh37	1:229568762G	G
P68133	ACTA1	ENSG00000143632	ENST00000366684	34	GRCh37	1:229568763G	G
P68133	ACTA1	ENSG00000143632	ENST00000366684	33	GRCh37	1:229568764G	G
P68133	ACTA1	ENSG00000143632	ENST00000366684	33	GRCh37	1:229568765A	A
P68133	ACTA1	ENSG00000143632	ENST00000366684	33	GRCh37	1:229568766A	A
P68133	ACTA1	ENSG00000143632	ENST00000366684	32	GRCh37	1:229568767C	C
P68133	ACTA1	ENSG00000143632	ENST00000366684	32	GRCh37	1:229568768A	A
P68133	ACTA1	ENSG00000143632	ENST00000366684	32	GRCh37	1:229568769C	C
P68133	ACTA1	ENSG00000143632	ENST00000366684	31	GRCh37	1:229568770G	G
P68133	ACTA1	ENSG00000143632	ENST00000366684	31	GRCh37	1:229568771G	G
P68133	ACTA1	ENSG00000143632	ENST00000366684	31	GRCh37	1:229568772C	C
P68133	ACTA1	ENSG00000143632	ENST00000366684	30	GRCh37	1:229568773C	C
P68133	ACTA1	ENSG00000143632	ENST00000366684	30	GRCh37	1:229568774C	C
P68133	ACTA1	ENSG00000143632	ENST00000366684	30	GRCh37	1:229568775T	T
P68133	ACTA1	ENSG00000143632	ENST00000366684	29	GRCh37	1:229568776A	A
P68133	ACTA1	ENSG00000143632	ENST00000366684	29	GRCh37	1:229568777G	G
P68133	ACTA1	ENSG00000143632	ENST00000366684	29	GRCh37	1:229568778G	G
P68133	ACTA1	ENSG00000143632	ENST00000366684	28	GRCh37	1:229568779G	G
P68133	ACTA1	ENSG00000143632	ENST00000366684	28	GRCh37	1:229568780G	G
P68133	ACTA1	ENSG00000143632	ENST00000366684	28	GRCh37	1:229568781C	C
P68133	ACTA1	ENSG00000143632	ENST00000366684	27	GRCh37	1:229568782G	G
P68133	ACTA1	ENSG00000143632	ENST00000366684	27	GRCh37	1:229568783T	T
P68133	ACTA1	ENSG00000143632	ENST00000366684	27	GRCh37	1:229568784C	C
P68133	ACTA1	ENSG00000143632	ENST00000366684	26	GRCh37	1:229568785A	A
P68133	ACTA1	ENSG00000143632	ENST00000366684	26	GRCh37	1:229568786T	T
P68133	ACTA1	ENSG00000143632	ENST00000366684	26	GRCh37	1:229568787C	C
P68133	ACTA1	ENSG00000143632	ENST00000366684	25	GRCh37	1:229568788C	C
P68133	ACTA1	ENSG00000143632	ENST00000366684	25	GRCh37	1:229568789C	C
P68133	ACTA1	ENSG00000143632	ENST00000366684	25	GRCh37	1:229568790C	C
P68133	ACTA1	ENSG00000143632	ENST00000366684	24	GRCh37	1:229568791G	G
P68133	ACTA1	ENSG00000143632	ENST00000366684	24	GRCh37	1:229568792G	G
P68133	ACTA1	ENSG00000143632	ENST00000366684	24	GRCh37	1:229568793C	C
P68133	ACTA1	ENSG00000143632	ENST00000366684	23	GRCh37	1:229568794G	G
P68133	ACTA1	ENSG00000143632	ENST00000366684	23	GRCh37	1:229568795A	A
P68133	ACTA1	ENSG00000143632	ENST00000366684	23	GRCh37	1:229568796A	A
P68133	ACTA1	ENSG00000143632	ENST00000366684	22	GRCh37	1:229568797G	G
P68133	ACTA1	ENSG00000143632	ENST00000366684	22	GRCh37	1:229568798C	C
P68133	ACTA1	ENSG00000143632	ENST00000366684	22	GRCh37	1:229568799C	C
P68133	ACTA1	ENSG00000143632	ENST00000366684	21	GRCh37	1:229568800G	G
P68133	ACTA1	ENSG00000143632	ENST00000366684	21	GRCh37	1:229568801G	G
P68133	ACTA1	ENSG00000143632	ENST00000366684	21	GRCh37	1:229568802C	C
P68133	ACTA1	ENSG00000143632	ENST00000366684	20	GRCh37	1:229568803T	T
P68133	ACTA1	ENSG00000143632	ENST00000366684	20	GRCh37	1:229568804T	T
P68133	ACTA1	ENSG00000143632	ENST00000366684	20	GRCh37	1:229568805T	T
P68133	ACTA1	ENSG00000143632	ENST00000366684	19	GRCh37	1:229568806C	C
P68133	ACTA1	ENSG00000143632	ENST00000366684	19	GRCh37	1:229568807A	A
P68133	ACTA1	ENSG00000143632	ENST00000366684	19	GRCh37	1:229568808C	C
P68133	ACTA1	ENSG00000143632	ENST00000366684	18	GRCh37	1:229568809C	C
P68133	ACTA1	ENSG00000143632	ENST00000366684	18	GRCh37	1:229568810A	A
P68133	ACTA1	ENSG00000143632	ENST00000366684	18	GRCh37	1:229568811G	G
P68133	ACTA1	ENSG00000143632	ENST00000366684	17	GRCh37	1:229568812G	G
P68133	ACTA1	ENSG00000143632	ENST00000366684	17	GRCh37	1:229568813C	C
P68133	ACTA1	ENSG00000143632	ENST00000366684	17	GRCh37	1:229568814C	C
P68133	ACTA1	ENSG00000143632	ENST00000366684	16	GRCh37	1:229568815G	G
P68133	ACTA1	ENSG00000143632	ENST00000366684	16	GRCh37	1:229568816G	G
P68133	ACTA1	ENSG00000143632	ENST00000366684	16	GRCh37	1:229568817A	A
P68133	ACTA1	ENSG00000143632	ENST00000366684	15	GRCh37	1:229568818G	G
P68133	ACTA1	ENSG00000143632	ENST00000366684	15	GRCh37	1:229568819C	C
P68133	ACTA1	ENSG00000143632	ENST00000366684	15	GRCh37	1:229568820C	C
P68133	ACTA1	ENSG00000143632	ENST00000366684	14	GRCh37	1:229568821A	A
P68133	ACTA1	ENSG00000143632	ENST00000366684	14	GRCh37	1:229568822T	T
P68133	ACTA1	ENSG00000143632	ENST00000366684	14	GRCh37	1:229568823T	T
P68133	ACTA1	ENSG00000143632	ENST00000366684	13	GRCh37	1:229568824G	G
P68133	ACTA1	ENSG00000143632	ENST00000366684	13	GRCh37	1:229568825T	T
P68133	ACTA1	ENSG00000143632	ENST00000366684	13	GRCh37	1:229568826C	C
P68133	ACTA1	ENSG00000143632	ENST00000366684	12	GRCh37	1:229568827G	G
P68133	ACTA1	ENSG00000143632	ENST00000366684	12	GRCh37	1:229568828C	C
P68133	ACTA1	ENSG00000143632	ENST00000366684	12	GRCh37	1:229568829A	A
P68133	ACTA1	ENSG00000143632	ENST00000366684	11	GRCh37	1:229568830C	C
P68133	ACTA1	ENSG00000143632	ENST00000366684	11	GRCh37	1:229568831A	A
P68133	ACTA1	ENSG00000143632	ENST00000366684	11	GRCh37	1:229568832C	C
P68133	ACTA1	ENSG00000143632	ENST00000366684	10	GRCh37	1:229568833G	G
P68133	ACTA1	ENSG00000143632	ENST00000366684	10	GRCh37	1:229568834A	A
P68133	ACTA1	ENSG00000143632	ENST00000366684	10	GRCh37	1:229568835G	G
P68133	ACTA1	ENSG00000143632	ENST00000366684	9	GRCh37	1:229568836G	G
P68133	ACTA1	ENSG00000143632	ENST00000366684	9	GRCh37	1:229568837G	G
P68133	ACTA1	ENSG00000143632	ENST00000366684	9	GRCh37	1:229568838C	C
P68133	ACTA1	ENSG00000143632	ENST00000366684	8	GRCh37	1:229568839G	G
P68133	ACTA1	ENSG00000143632	ENST00000366684	8	GRCh37	1:229568840G	G
P68133	ACTA1	ENSG00000143632	ENST00000366684	8	GRCh37	1:229568841T	T
P68133	ACTA1	ENSG00000143632	ENST00000366684	7	GRCh37	1:229568842G	G
P68133	ACTA1	ENSG00000143632	ENST00000366684	7	GRCh37	1:229568843G	G
P68133	ACTA1	ENSG00000143632	ENST00000366684	7	GRCh37	1:229568844T	T
P68133	ACTA1	ENSG00000143632	ENST00000366684	6	GRCh37	1:229568845C	C
P68133	ACTA1	ENSG00000143632	ENST00000366684	6	GRCh37	1:229568846T	T
P68133	ACTA1	ENSG00000143632	ENST00000366684	6	GRCh37	1:229568847C	C
P68133	ACTA1	ENSG00000143632	ENST00000366684	5	GRCh37	1:229568848G	G
P68133	ACTA1	ENSG00000143632	ENST00000366684	5	GRCh37	1:229568849T	T
P68133	ACTA1	ENSG00000143632	ENST00000366684	5	GRCh37	1:229568850C	C
P68133	ACTA1	ENSG00000143632	ENST00000366684	4	GRCh37	1:229568851T	T
P68133	ACTA1	ENSG00000143632	ENST00000366684	4	GRCh37	1:229568852T	T
P68133	ACTA1	ENSG00000143632	ENST00000366684	4	GRCh37	1:229568853C	C
P68133	ACTA1	ENSG00000143632	ENST00000366684	3	GRCh37	1:229568854G	G
P68133	ACTA1	ENSG00000143632	ENST00000366684	3	GRCh37	1:229568855T	T
P68133	ACTA1	ENSG00000143632	ENST00000366684	3	GRCh37	1:229568856C	C
P68133	ACTA1	ENSG00000143632	ENST00000366684	2	GRCh37	1:229568857G	G
P68133	ACTA1	ENSG00000143632	ENST00000366684	2	GRCh37	1:229568858C	C
P68133	ACTA1	ENSG00000143632	ENST00000366684	2	GRCh37	1:229568859A	A
P68133	ACTA1	ENSG00000143632	ENST00000366684	1	GRCh37	1:229568860C	C
P68133	ACTA1	ENSG00000143632	ENST00000366684	1	GRCh37	1:229568861A	A
P68133	ACTA1	ENSG00000143632	ENST00000366684	1	GRCh37	1:229568862T	T
