"residue_index"	"region_index"	"obs"	"exp"	"oe"	"oe_upper"
1	130	9	24.755302130405	0.363558479415446	0.57385646991174
2	130	9	24.755302130405	0.363558479415446	0.57385646991174
3	130	9	24.755302130405	0.363558479415446	0.57385646991174
4	129	7	19.4635123012785	0.359647318101995	0.604768259671964
5	129	7	19.4635123012785	0.359647318101995	0.604768259671964
6	129	7	19.4635123012785	0.359647318101995	0.604768259671964
7	56	1	7.24666889400163	0.13799443780683	0.536759748066744
8	54	1	7.50487837303246	0.133246663076291	0.51829223293538
9	1	0	3.51888018652402	0	0.654351660454959
10	1	0	3.51888018652402	0	0.654351660454959
11	1	0	3.51888018652402	0	0.654351660454959
12	168	39	78.4368287980971	0.497215410128184	0.615643219487285
13	114	4	12.0038314355798	0.333226938537627	0.665919846421644
14	114	4	12.0038314355798	0.333226938537627	0.665919846421644
15	67	2	8.54560429710637	0.234038451871358	0.622813806115081
16	13	0	4.28425052204176	0	0.537453419483204
17	3	0	3.79243936965112	0	0.607151458088008
18	3	0	3.79243936965112	0	0.607151458088008
19	67	2	8.54560429710637	0.234038451871358	0.622813806115081
20	114	4	12.0038314355798	0.333226938537627	0.665919846421644
21	2	0	4.3393769394718	0	0.530625738467034
22	1	0	3.51888018652402	0	0.654351660454959
23	1	0	3.51888018652402	0	0.654351660454959
24	54	1	7.50487837303246	0.133246663076291	0.51829223293538
25	54	1	7.50487837303246	0.133246663076291	0.51829223293538
26	54	1	7.50487837303246	0.133246663076291	0.51829223293538
27	176	74	136.819443325026	0.54085880048647	0.630689637167531
28	73	2	8.17831317843578	0.244549206708483	0.65078460823289
29	2	0	4.3393769394718	0	0.530625738467034
30	2	0	4.3393769394718	0	0.530625738467034
31	2	0	4.3393769394718	0	0.530625738467034
32	79	20	74.4124318117963	0.268772293997647	0.363448694886879
33	3	0	3.79243936965112	0	0.607151458088008
34	3	0	3.79243936965112	0	0.607151458088008
35	3	0	3.79243936965112	0	0.607151458088008
36	3	0	3.79243936965112	0	0.607151458088008
37	117	24	70.9212987702075	0.338403278227638	0.44533251717791
38	69	2	8.51003139442845	0.235016759316471	0.62541723892097
39	7	0	4.09270684883628	0	0.562606895152719
40	111	5	15.578032251442	0.320964799616279	0.595368769537188
41	79	20	74.4124318117963	0.268772293997647	0.363448694886879
42	111	5	15.578032251442	0.320964799616279	0.595368769537188
43	111	5	15.578032251442	0.320964799616279	0.595368769537188
44	5	0	5.21793449247907	0	0.441282867064143
45	111	5	15.578032251442	0.320964799616279	0.595368769537188
46	4	0	4.05542775065742	0	0.567778600573214
47	4	0	4.05542775065742	0	0.567778600573214
48	4	0	4.05542775065742	0	0.567778600573214
49	4	0	4.05542775065742	0	0.567778600573214
50	4	0	4.05542775065742	0	0.567778600573214
51	4	0	4.05542775065742	0	0.567778600573214
52	4	0	4.05542775065742	0	0.567778600573214
53	5	0	5.21793449247907	0	0.441282867064143
54	6	0	5.78683871845059	0	0.397900339895866
55	7	0	4.09270684883628	0	0.562606895152719
56	113	17	52.0518940412024	0.326597145274741	0.453510624008858
57	3	0	3.79243936965112	0	0.607151458088008
58	79	20	74.4124318117963	0.268772293997647	0.363448694886879
59	69	2	8.51003139442845	0.235016759316471	0.62541723892097
60	69	2	8.51003139442845	0.235016759316471	0.62541723892097
61	69	2	8.51003139442845	0.235016759316471	0.62541723892097
62	69	2	8.51003139442845	0.235016759316471	0.62541723892097
63	69	2	8.51003139442845	0.235016759316471	0.62541723892097
64	21	0	4.36483013222887	0	0.527531432664997
65	21	0	4.36483013222887	0	0.527531432664997
66	69	2	8.51003139442845	0.235016759316471	0.62541723892097
67	69	2	8.51003139442845	0.235016759316471	0.62541723892097
68	69	2	8.51003139442845	0.235016759316471	0.62541723892097
69	69	2	8.51003139442845	0.235016759316471	0.62541723892097
70	79	20	74.4124318117963	0.268772293997647	0.363448694886879
71	67	2	8.54560429710637	0.234038451871358	0.622813806115081
72	126	5	14.2422483864732	0.351068164542673	0.65120854809416
73	67	2	8.54560429710637	0.234038451871358	0.622813806115081
74	96	18	61.0631357371541	0.294776869590859	0.405421202406819
75	96	18	61.0631357371541	0.294776869590859	0.405421202406819
76	119	10	29.2845452856718	0.341477045398849	0.526101430692681
77	53	1	7.94630196294434	0.125844701681771	0.489500674402533
78	53	1	7.94630196294434	0.125844701681771	0.489500674402533
79	53	1	7.94630196294434	0.125844701681771	0.489500674402533
80	126	5	14.2422483864732	0.351068164542673	0.65120854809416
81	50	1	8.97700742183034	0.111395697141588	0.433298090008078
82	121	6	17.3752181334453	0.345319405714435	0.606154813459608
83	121	6	17.3752181334453	0.345319405714435	0.606154813459608
84	126	5	14.2422483864732	0.351068164542673	0.65120854809416
85	47	1	11.6721405079622	0.0856740885973612	0.333248230452165
86	121	6	17.3752181334453	0.345319405714435	0.606154813459608
87	121	6	17.3752181334453	0.345319405714435	0.606154813459608
88	168	39	78.4368287980971	0.497215410128184	0.615643219487285
89	168	39	78.4368287980971	0.497215410128184	0.615643219487285
90	121	6	17.3752181334453	0.345319405714435	0.606154813459608
91	168	39	78.4368287980971	0.497215410128184	0.615643219487285
92	66	3	12.9780069832557	0.231160300951495	0.514777274883226
93	168	39	78.4368287980971	0.497215410128184	0.615643219487285
94	134	9	23.9787813605497	0.375331834619709	0.592440044327054
95	168	39	78.4368287980971	0.497215410128184	0.615643219487285
96	54	1	7.50487837303246	0.133246663076291	0.51829223293538
97	132	10	27.0054709989069	0.370295337578255	0.570500739372408
98	58	1	7.18940970079585	0.139093477992957	0.541034706846217
99	56	1	7.24666889400163	0.13799443780683	0.536759748066744
100	11	0	5.02095099029218	0	0.458595412989692
101	11	0	5.02095099029218	0	0.458595412989692
102	56	1	7.24666889400163	0.13799443780683	0.536759748066744
103	56	1	7.24666889400163	0.13799443780683	0.536759748066744
104	56	1	7.24666889400163	0.13799443780683	0.536759748066744
105	1	0	3.51888018652402	0	0.654351660454959
106	129	7	19.4635123012785	0.359647318101995	0.604768259671964
107	68	2	8.53295689174429	0.234385339733172	0.623736930276022
108	169	59	118.209856805057	0.499112354880002	0.593150912905904
109	169	59	118.209856805057	0.499112354880002	0.593150912905904
110	165	33	67.4632506280103	0.489155202170152	0.617431724710453
111	165	33	67.4632506280103	0.489155202170152	0.617431724710453
112	174	62	118.767704113565	0.522027435511557	0.617693390649945
113	53	1	7.94630196294434	0.125844701681771	0.489500674402533
114	53	1	7.94630196294434	0.125844701681771	0.489500674402533
115	53	1	7.94630196294434	0.125844701681771	0.489500674402533
116	8	0	4.61791168383129	0	0.49862042642697
117	8	0	4.61791168383129	0	0.49862042642697
118	8	0	4.61791168383129	0	0.49862042642697
119	8	0	4.61791168383129	0	0.49862042642697
120	8	0	4.61791168383129	0	0.49862042642697
121	8	0	4.61791168383129	0	0.49862042642697
122	8	0	4.61791168383129	0	0.49862042642697
123	9	0	4.62990097162792	0	0.497329231684286
124	47	1	11.6721405079622	0.0856740885973612	0.333248230452165
125	10	0	4.0043701524409	0	0.575018044121242
126	11	0	5.02095099029218	0	0.458595412989692
127	11	0	5.02095099029218	0	0.458595412989692
128	11	0	5.02095099029218	0	0.458595412989692
129	11	0	5.02095099029218	0	0.458595412989692
130	11	0	5.02095099029218	0	0.458595412989692
131	11	0	5.02095099029218	0	0.458595412989692
132	12	0	6.17928947031184	0	0.372629426741817
133	61	3	16.2288930976193	0.184855490880033	0.411659811181818
134	51	1	8.46105226527568	0.118188609247105	0.459720617237044
135	176	74	136.819443325026	0.54085880048647	0.630689637167531
136	68	2	8.53295689174429	0.234385339733172	0.623736930276022
137	174	62	118.767704113565	0.522027435511557	0.617693390649945
138	172	58	113.598711155448	0.510569172925148	0.607691789410248
139	165	33	67.4632506280103	0.489155202170152	0.617431724710453
140	165	33	67.4632506280103	0.489155202170152	0.617431724710453
141	173	44	84.6913557646704	0.519533541560742	0.635041248119116
142	176	74	136.819443325026	0.54085880048647	0.630689637167531
143	70	2	8.29735083644088	0.241040789936984	0.641448149264616
144	109	5	15.6345554830836	0.319804423311552	0.593216347173205
145	109	5	15.6345554830836	0.319804423311552	0.593216347173205
146	73	2	8.17831317843578	0.244549206708483	0.65078460823289
147	75	3	12.2313980393181	0.245270409020819	0.546199465243492
148	109	5	15.6345554830836	0.319804423311552	0.593216347173205
149	173	44	84.6913557646704	0.519533541560742	0.635041248119116
150	173	44	84.6913557646704	0.519533541560742	0.635041248119116
151	167	40	80.731106596608	0.495471964726923	0.611786048060395
152	160	32	72.3331776485381	0.442397265546466	0.560499958398001
153	143	30	75.2794492098034	0.398515136799024	0.508971630430768
154	70	2	8.29735083644088	0.241040789936984	0.641448149264616
155	70	2	8.29735083644088	0.241040789936984	0.641448149264616
156	70	2	8.29735083644088	0.241040789936984	0.641448149264616
157	38	0	7.77527230745871	0	0.296142051614733
158	13	0	4.28425052204176	0	0.537453419483204
159	13	0	4.28425052204176	0	0.537453419483204
160	13	0	4.28425052204176	0	0.537453419483204
161	59	1	6.06129084832947	0.164981358760503	0.641731318822864
162	59	1	6.06129084832947	0.164981358760503	0.641731318822864
163	71	2	8.21551466546111	0.243441839183638	0.64783772588342
164	133	29	77.454889975545	0.374411480142264	0.480260224647263
165	167	40	80.731106596608	0.495471964726923	0.611786048060395
166	167	40	80.731106596608	0.495471964726923	0.611786048060395
167	167	40	80.731106596608	0.495471964726923	0.611786048060395
168	173	44	84.6913557646704	0.519533541560742	0.635041248119116
169	183	120	204.822206688262	0.585873973043555	0.660542717219281
170	183	120	204.822206688262	0.585873973043555	0.660542717219281
171	183	120	204.822206688262	0.585873973043555	0.660542717219281
172	183	120	204.822206688262	0.585873973043555	0.660542717219281
173	183	120	204.822206688262	0.585873973043555	0.660542717219281
174	183	120	204.822206688262	0.585873973043555	0.660542717219281
175	183	120	204.822206688262	0.585873973043555	0.660542717219281
176	173	44	84.6913557646704	0.519533541560742	0.635041248119116
177	167	40	80.731106596608	0.495471964726923	0.611786048060395
178	127	9	25.4742858636544	0.353297440727899	0.557660001469219
179	120	26	75.7122122649755	0.343405630639955	0.44690799630143
180	37	0	6.05740761573879	0	0.380127149939737
181	76	4	16.3066845754807	0.245298177044189	0.490203238374531
182	76	4	16.3066845754807	0.245298177044189	0.490203238374531
183	13	0	4.28425052204176	0	0.537453419483204
184	13	0	4.28425052204176	0	0.537453419483204
185	13	0	4.28425052204176	0	0.537453419483204
186	76	4	16.3066845754807	0.245298177044189	0.490203238374531
187	76	4	16.3066845754807	0.245298177044189	0.490203238374531
188	77	5	19.9164438645432	0.25104883351698	0.465679212435263
189	14	0	6.02534600543049	0	0.382149853455517
190	14	0	6.02534600543049	0	0.382149853455517
191	14	0	6.02534600543049	0	0.382149853455517
192	14	0	6.02534600543049	0	0.382149853455517
193	14	0	6.02534600543049	0	0.382149853455517
194	14	0	6.02534600543049	0	0.382149853455517
195	14	0	6.02534600543049	0	0.382149853455517
196	14	0	6.02534600543049	0	0.382149853455517
197	14	0	6.02534600543049	0	0.382149853455517
198	15	0	9.85778738778297	0	0.233580315989337
199	15	0	9.85778738778297	0	0.233580315989337
200	15	0	9.85778738778297	0	0.233580315989337
201	14	0	6.02534600543049	0	0.382149853455517
202	14	0	6.02534600543049	0	0.382149853455517
203	79	20	74.4124318117963	0.268772293997647	0.363448694886879
204	21	0	4.36483013222887	0	0.527531432664997
205	21	0	4.36483013222887	0	0.527531432664997
206	21	0	4.36483013222887	0	0.527531432664997
207	21	0	4.36483013222887	0	0.527531432664997
208	21	0	4.36483013222887	0	0.527531432664997
209	21	0	4.36483013222887	0	0.527531432664997
210	78	14	54.9767545597043	0.254653082236713	0.366118590130617
211	65	7	30.3550350398584	0.230604247065058	0.387774695238928
212	78	14	54.9767545597043	0.254653082236713	0.366118590130617
213	65	7	30.3550350398584	0.230604247065058	0.387774695238928
214	60	4	23.427014905522	0.170743050966223	0.341212468523613
215	57	2	14.4813445771079	0.13810872252578	0.36752943136563
216	65	7	30.3550350398584	0.230604247065058	0.387774695238928
217	60	4	23.427014905522	0.170743050966223	0.341212468523613
218	57	2	14.4813445771079	0.13810872252578	0.36752943136563
219	57	2	14.4813445771079	0.13810872252578	0.36752943136563
220	57	2	14.4813445771079	0.13810872252578	0.36752943136563
221	62	6	28.6482097821692	0.20943717061631	0.367634563785335
222	22	0	5.17209713295891	0	0.445193706498848
223	22	0	5.17209713295891	0	0.445193706498848
224	22	0	5.17209713295891	0	0.445193706498848
225	22	0	5.17209713295891	0	0.445193706498848
226	22	0	5.17209713295891	0	0.445193706498848
227	22	0	5.17209713295891	0	0.445193706498848
228	22	0	5.17209713295891	0	0.445193706498848
229	22	0	5.17209713295891	0	0.445193706498848
230	24	0	8.03089399765588	0	0.28671591153689
231	24	0	8.03089399765588	0	0.28671591153689
232	24	0	8.03089399765588	0	0.28671591153689
233	24	0	8.03089399765588	0	0.28671591153689
234	25	0	7.49106972348685	0	0.307377341019097
235	27	0	11.0134718887025	0	0.209069866093364
236	27	0	11.0134718887025	0	0.209069866093364
237	27	0	11.0134718887025	0	0.209069866093364
238	27	0	11.0134718887025	0	0.209069866093364
239	28	0	11.0921765322869	0	0.207586408879422
240	31	0	11.5529071008282	0	0.199307851512887
241	33	0	8.57793421195071	0	0.268431190552395
242	48	1	10.7510835427597	0.0930138805100674	0.361797967097648
243	48	1	10.7510835427597	0.0930138805100674	0.361797967097648
244	65	7	30.3550350398584	0.230604247065058	0.387774695238928
245	78	14	54.9767545597043	0.254653082236713	0.366118590130617
246	78	14	54.9767545597043	0.254653082236713	0.366118590130617
247	78	14	54.9767545597043	0.254653082236713	0.366118590130617
248	48	1	10.7510835427597	0.0930138805100674	0.361797967097648
249	48	1	10.7510835427597	0.0930138805100674	0.361797967097648
250	19	0	6.50097038277059	0	0.354190983410192
251	45	1	13.1587584078424	0.075995011763725	0.295599330066674
252	16	0	8.2351522067557	0	0.279604436588934
253	18	0	11.0902765329072	0	0.207621972830145
254	15	0	9.85778738778297	0	0.233580315989337
255	15	0	9.85778738778297	0	0.233580315989337
256	15	0	9.85778738778297	0	0.233580315989337
257	44	1	13.2376439885594	0.075542143365107	0.293837798722274
258	15	0	9.85778738778297	0	0.233580315989337
259	15	0	9.85778738778297	0	0.233580315989337
260	49	1	9.33925849207942	0.107074881892186	0.416491327782209
261	23	0	5.25423900089249	0	0.438233794199869
262	35	0	4.33643082635633	0	0.530986238498075
263	35	0	4.33643082635633	0	0.530986238498075
264	35	0	4.33643082635633	0	0.530986238498075
265	35	0	4.33643082635633	0	0.530986238498075
266	35	0	4.33643082635633	0	0.530986238498075
267	35	0	4.33643082635633	0	0.530986238498075
268	49	1	9.33925849207942	0.107074881892186	0.416491327782209
269	36	0	4.88144534350134	0	0.471701500470444
270	36	0	4.88144534350134	0	0.471701500470444
271	36	0	4.88144534350134	0	0.471701500470444
272	36	0	4.88144534350134	0	0.471701500470444
273	36	0	4.88144534350134	0	0.471701500470444
274	36	0	4.88144534350134	0	0.471701500470444
275	35	0	4.33643082635633	0	0.530986238498075
276	72	2	8.21399032688017	0.243487016712818	0.647957950524606
277	72	2	8.21399032688017	0.243487016712818	0.647957950524606
278	72	2	8.21399032688017	0.243487016712818	0.647957950524606
279	37	0	6.05740761573879	0	0.380127149939737
280	128	26	73.498816395397	0.353747193153825	0.460366503004092
281	135	19	50.1889063041998	0.378569715881816	0.516100678697022
282	137	26	68.0429217435433	0.382111751432355	0.497280131597223
283	150	29	69.9869398490623	0.414363023480424	0.53150634875462
284	164	27	56.1583515150133	0.480783343378266	0.622512157485467
285	167	40	80.731106596608	0.495471964726923	0.611786048060395
286	173	44	84.6913557646704	0.519533541560742	0.635041248119116
287	173	44	84.6913557646704	0.519533541560742	0.635041248119116
288	173	44	84.6913557646704	0.519533541560742	0.635041248119116
289	173	44	84.6913557646704	0.519533541560742	0.635041248119116
290	173	44	84.6913557646704	0.519533541560742	0.635041248119116
291	173	44	84.6913557646704	0.519533541560742	0.635041248119116
292	167	40	80.731106596608	0.495471964726923	0.611786048060395
293	164	27	56.1583515150133	0.480783343378266	0.622512157485467
294	164	27	56.1583515150133	0.480783343378266	0.622512157485467
295	160	32	72.3331776485381	0.442397265546466	0.560499958398001
296	135	19	50.1889063041998	0.378569715881816	0.516100678697022
297	160	32	72.3331776485381	0.442397265546466	0.560499958398001
298	160	32	72.3331776485381	0.442397265546466	0.560499958398001
299	109	5	15.6345554830836	0.319804423311552	0.593216347173205
300	70	2	8.29735083644088	0.241040789936984	0.641448149264616
301	70	2	8.29735083644088	0.241040789936984	0.641448149264616
302	38	0	7.77527230745871	0	0.296142051614733
303	38	0	7.77527230745871	0	0.296142051614733
304	38	0	7.77527230745871	0	0.296142051614733
305	38	0	7.77527230745871	0	0.296142051614733
306	38	0	7.77527230745871	0	0.296142051614733
307	38	0	7.77527230745871	0	0.296142051614733
308	38	0	7.77527230745871	0	0.296142051614733
309	41	0	5.17403038502528	0	0.445027361968767
310	78	14	54.9767545597043	0.254653082236713	0.366118590130617
311	78	14	54.9767545597043	0.254653082236713	0.366118590130617
312	75	3	12.2313980393181	0.245270409020819	0.546199465243492
313	78	14	54.9767545597043	0.254653082236713	0.366118590130617
314	22	0	5.17209713295891	0	0.445193706498848
315	92	17	58.9961149049365	0.288154567930329	0.400129516757271
316	123	13	37.4694999823482	0.346948851896189	0.505957145979518
317	123	13	37.4694999823482	0.346948851896189	0.505957145979518
318	123	13	37.4694999823482	0.346948851896189	0.505957145979518
319	42	0	3.45236233792919	0	0.666959278201139
320	42	0	3.45236233792919	0	0.666959278201139
321	42	0	3.45236233792919	0	0.666959278201139
322	42	0	3.45236233792919	0	0.666959278201139
323	42	0	3.45236233792919	0	0.666959278201139
324	42	0	3.45236233792919	0	0.666959278201139
325	164	27	56.1583515150133	0.480783343378266	0.622512157485467
326	164	27	56.1583515150133	0.480783343378266	0.622512157485467
327	164	27	56.1583515150133	0.480783343378266	0.622512157485467
328	135	19	50.1889063041998	0.378569715881816	0.516100678697022
329	135	19	50.1889063041998	0.378569715881816	0.516100678697022
330	133	29	77.454889975545	0.374411480142264	0.480260224647263
331	109	5	15.6345554830836	0.319804423311552	0.593216347173205
332	75	3	12.2313980393181	0.245270409020819	0.546199465243492
333	70	2	8.29735083644088	0.241040789936984	0.641448149264616
334	73	2	8.17831317843578	0.244549206708483	0.65078460823289
335	73	2	8.17831317843578	0.244549206708483	0.65078460823289
336	43	0	5.54922062060775	0	0.414938466213273
337	38	0	7.77527230745871	0	0.296142051614733
338	38	0	7.77527230745871	0	0.296142051614733
339	38	0	7.77527230745871	0	0.296142051614733
340	43	0	5.54922062060775	0	0.414938466213273
341	80	3	11.1246445424777	0.269671537687785	0.600539014325027
342	169	59	118.209856805057	0.499112354880002	0.593150912905904
343	73	2	8.17831317843578	0.244549206708483	0.65078460823289
344	176	74	136.819443325026	0.54085880048647	0.630689637167531
345	176	74	136.819443325026	0.54085880048647	0.630689637167531
346	54	1	7.50487837303246	0.133246663076291	0.51829223293538
347	129	7	19.4635123012785	0.359647318101995	0.604768259671964
348	129	7	19.4635123012785	0.359647318101995	0.604768259671964
349	129	7	19.4635123012785	0.359647318101995	0.604768259671964
350	129	7	19.4635123012785	0.359647318101995	0.604768259671964
351	129	7	19.4635123012785	0.359647318101995	0.604768259671964
352	129	7	19.4635123012785	0.359647318101995	0.604768259671964
353	130	9	24.755302130405	0.363558479415446	0.57385646991174
354	130	9	24.755302130405	0.363558479415446	0.57385646991174
355	129	7	19.4635123012785	0.359647318101995	0.604768259671964
356	130	9	24.755302130405	0.363558479415446	0.57385646991174
357	130	9	24.755302130405	0.363558479415446	0.57385646991174
358	63	3	13.9324409264902	0.215324795980007	0.479512750386293
359	61	3	16.2288930976193	0.184855490880033	0.411659811181818
360	61	3	16.2288930976193	0.184855490880033	0.411659811181818
361	12	0	6.17928947031184	0	0.372629426741817
362	61	3	16.2288930976193	0.184855490880033	0.411659811181818
363	61	3	16.2288930976193	0.184855490880033	0.411659811181818
364	47	1	11.6721405079622	0.0856740885973612	0.333248230452165
365	47	1	11.6721405079622	0.0856740885973612	0.333248230452165
366	101	4	13.3449450512109	0.299738963678764	0.598997564649195
367	74	4	16.3421590331476	0.244765700290066	0.489139138215387
368	47	1	11.6721405079622	0.0856740885973612	0.333248230452165
369	8	0	4.61791168383129	0	0.49862042642697
370	74	4	16.3421590331476	0.244765700290066	0.489139138215387
371	74	4	16.3421590331476	0.244765700290066	0.489139138215387
372	74	4	16.3421590331476	0.244765700290066	0.489139138215387
373	97	3	10.0781415213754	0.297673930618766	0.662898318513007
374	147	8	19.5354300707443	0.409512356320251	0.665186867873418
375	147	8	19.5354300707443	0.409512356320251	0.665186867873418
376	178	77	139.48036519163	0.552049027791193	0.641745020735873
377	183	120	204.822206688262	0.585873973043555	0.660542717219281
