1	0	0
2	0	0.71529
3	0	0.51053
4	0	0.9214100000000001
5	0	0.36965
6	1	0.254238
7	2	0.6037399999999999
8	1	1.1334
9	0	0.9298299999999999
10	1	0.51806
11	2	0.24032799999999999
12	0	0.43888000000000005
13	1	0.36061
14	0	0.9298299999999999
15	0	0.8671899999999999
16	0	0.9541299999999999
17	1	0.8671899999999999
18	0	0.51856
19	1	0.297082
20	0	0.54236
21	0	0.28356899999999996
22	0	0.40890000000000004
23	1	0.81027
24	1	0.54821
25	0	0.81027
26	0	0.5801799999999999
27	0	0.37995999999999996
28	1	0.246567
29	1	0.372886
30	0	0.24975
31	2	0.250875
32	1	0.39614
33	0	0.48014
34	2	0.269743
35	0	0.256545
36	0	0.41801999999999995
37	1	0.376074
38	0	0.50157
39	1	2.47299
40	1	0.5488729999999999
41	0	0.71514
42	0	0.522706
43	1	0.46527
44	2	0.40610999999999997
45	1	0.316797
46	1	0.535848
47	0	0.254238
48	0	0.5112749999999999
49	0	0.356506
50	0	0.37840999999999997
51	0	0.49316
52	1	0.6232300000000001
53	1	2.548756
54	0	0.38062
55	1	0.38837
56	0	0.25532
57	1	3.07625
58	1	0.410836
59	0	0.47052000000000005
60	0	0.41081999999999996
61	0	0.297721
62	0	0.22015
63	0	0.5244300000000001
64	2	2.419703
65	1	0.42013
66	1	0.27193100000000003
67	0	0.260924
68	0	0.43177
69	1	0.52132
70	2	0.72987
71	1	0.516789
72	0	0.422474
73	1	0.322996
74	1	0.568418
75	0	0.277929
76	1	0.28432399999999997
77	1	0.38837
78	1	0.52132
79	1	0.492016
80	3	0.383394
81	0	0.384389
82	1	0.535505
83	0	0.43918
84	3	0.46291000000000004
85	0	0.5426599999999999
86	0	0.296904
87	0	0.597746
88	1	0.40610999999999997
89	0	0.311232
90	0	0.34775
91	1	0.22468
92	1	0.38095
93	0	0.337192
94	0	0.252432
95	1	0.410836
96	1	0.46341
97	0	0.44155
98	0	0.318574
99	1	0.352692
100	1	0.459405
101	0	0.290764
102	0	0.278074
103	3	5.9215
104	1	0.668598
105	1	0.371226
106	1	0.49129
107	0	0.352692
108	0	0.270939
109	0	0.352692
110	0	0.39388999999999996
111	0	0.43888000000000005
112	0	0.34775
113	0	0.22468
114	1	0.567646
115	2	0.46308
116	0	0.365518
117	1	0.53525
118	0	0.46156
119	0	0.23059000000000002
120	1	0.397484
121	0	0.46398
122	0	0.57648
123	0	0.368917
124	2	4.8078
125	0	0.275219
126	2	0.48975
127	1	0.383394
128	1	0.447816
129	0	0.58961
130	1	0.5191399999999999
131	1	0.48045000000000004
132	0	0.343384
133	1	0.43918
134	1	0.676744
135	1	0.188298
136	0	0.343384
137	0	0.49544
138	0	0.318574
139	2	0.496259
140	0	0.332858
141	1	0.54406
142	0	0.455044
143	0	0.43888000000000005
144	0	0.61035
145	1	0.5793200000000001
146	0	0.585372
147	0	0.35474
148	0	0.5191399999999999
149	0	0.43649
150	0	0.46341
151	0	0.270939
152	1	0.496259
153	0	0.485178
154	1	0.46341
155	1	0.91168
156	1	0.378826
157	1	0.54821
158	0	0.258178
159	1	0.543236
160	1	0.58961
161	0	0.208927
162	1	0.466412
163	0	0.316797
164	0	0.47082
165	1	0.58392
166	0	0.486242
167	0	0.17899
168	1	0.36963
169	2	0.557312
170	0	0.349936
171	0	0.267331
172	1	0.39017999999999997
173	1	0.35474
174	0	0.22468
175	0	0.6283
176	1	0.47082
177	0	0.343384
178	0	0.374372
179	2	0.46193399999999996
180	0	0.447816
181	0	0.327882
182	0	0.39986900000000003
183	1	0.545308
184	0	0.44155
185	0	0.36828
186	0	0.408836
187	1	0.6823490000000001
188	0	0.293082
189	0	0.469208
190	1	0.44155
191	0	0.290009
192	0	0.38095
193	1	0.23167
194	0	0.58961
195	0	0.42831
196	2	0.41458000000000006
197	2	0.43918
198	1	0.44155
199	0	0.458506
200	0	0.27831
201	1	0.270939
202	0	0.43177
203	0	0.283774
204	0	0.49129
205	1	0.49129
206	0	0.25543
207	0	0.39857
208	1	3.31142
209	0	0.2653
210	0	0.505706
211	0	0.267331
212	2	0.471896
213	1	0.58961
214	0	0.44622000000000006
215	1	0.4423
216	1	0.47816600000000004
217	0	0.48045000000000004
218	2	0.43918
219	2	0.676744
220	0	0.26709299999999997
221	1	0.668598
222	0	0.358005
223	0	0.51806
224	0	0.47052000000000005
225	0	0.41108
226	0	0.311255
227	0	0.404711
228	0	0.31045100000000003
229	0	0.24413
230	0	0.60831
231	0	0.46516
232	1	0.5743400000000001
233	0	0.34389800000000004
234	0	0.393379
235	0	0.6805399999999999
236	0	0.340271
237	0	0.41081999999999996
238	1	0.49908800000000003
239	0	0.44622000000000006
240	1	0.276988
241	1	0.41955
242	1	0.383394
243	1	0.3747
244	1	0.4423
245	0	0.46341
246	0	0.37236
247	0	0.290764
248	0	0.528026
249	1	0.511184
250	0	0.44155
251	1	0.47082
252	1	0.58392
253	0	0.48714
254	1	0.39388999999999996
255	0	0.84229
256	0	0.51337
257	0	0.291678
258	1	0.274478
259	0	0.42308
260	0	0.35117200000000004
261	1	0.363849
262	0	0.34914
263	2	0.62515
264	2	3.03857
265	0	0.311232
266	0	0.208927
267	0	0.280247
268	1	0.46193399999999996
269	0	0.40407
270	0	0.5191399999999999
271	0	0.43649
272	1	0.45238
273	1	0.595114
274	0	0.286642
275	0	0.46308
276	1	0.290764
277	0	0.505706
278	0	0.264258
279	0	0.305452
280	1	0.63443
281	1	0.6283
282	2	0.46156
283	1	0.501811
284	0	0.327882
285	0	0.42631600000000003
286	0	0.44622000000000006
287	1	0.299222
288	0	0.43177
289	1	0.5426599999999999
290	0	0.349676
291	0	0.508381
292	0	0.44622000000000006
293	1	0.295968
294	0	0.5191399999999999
295	1	0.28782599999999997
296	0	0.5233099999999999
297	1	3.30401
298	0	0.33263
299	0	0.276988
300	0	0.270939
301	1	0.48413
302	0	0.469208
303	0	0.32071
304	1	0.38727
305	1	0.35474
306	2	5.5542
307	2	3.31142
308	0	0.29614399999999996
309	1	0.49129
310	1	0.43363
311	1	0.490806
312	0	0.43649
313	0	0.39986900000000003
314	0	0.4221
315	0	0.47052000000000005
316	0	0.43363
317	1	0.302102
318	1	0.384936
319	0	0.38837
320	0	0.318574
321	0	0.42831
322	2	0.568418
323	0	0.335125
324	0	0.34408099999999997
325	0	0.464359
326	2	0.43918
327	0	0.327882
328	0	0.63443
329	0	0.29614399999999996
330	0	0.48497
331	0	0.308877
332	0	0.223174
333	0	0.37012
334	0	0.48578
335	1	0.44958
336	0	0.38894
337	0	0.29906699999999997
338	0	0.40247
339	0	0.538651
340	1	0.41170799999999996
341	0	0.43693
342	2	0.37258
343	1	0.46809300000000004
344	1	0.444149
345	0	0.21753
346	2	0.41604
347	1	0.585157
348	0	0.544401
349	1	0.43339
350	0	0.5848
351	2	3.06312
352	1	0.48
353	0	0.47078
354	1	0.271598
355	1	0.37052
356	0	0.38055
357	0	0.42618
358	0	0.38439
359	0	0.39844999999999997
360	0	0.5428200000000001
361	1	0.45553999999999994
362	0	0.421789
363	1	0.32392299999999996
364	1	0.494909
365	0	0.42479999999999996
366	0	0.46223
367	0	0.25637
368	0	0.422568
369	1	0.41620999999999997
370	1	0.308661
371	1	0.42986599999999997
372	0	0.510259
373	1	0.280526
374	0	0.31972
375	0	0.344883
376	1	0.36287
377	2	0.40095000000000003
378	1	0.205254
379	0	0.386069
380	1	0.44087
381	0	0.32487
382	0	0.324467
383	0	0.262648
384	0	0.433222
385	1	0.56855
386	1	2.31435
387	0	0.260754
388	0	0.275623
389	0	0.42786
390	0	0.490806
391	0	0.46341
392	1	0.34421
393	1	0.43177
394	1	0.5191399999999999
395	0	0.422474
396	0	0.269016
397	0	0.264258
398	0	0.58961
399	0	0.26934
400	0	0.41458000000000006
401	0	0.47082
402	1	0.58392
403	0	0.474871
404	0	0.27962
405	1	0.258023
406	1	0.54821
407	1	0.397968
408	2	0.49129
409	1	0.5793200000000001
410	0	0.54236
411	0	0.85811
412	0	0.543236
413	1	0.327882
414	0	0.31821699999999997
415	0	0.252432
416	0	0.384389
417	0	0.293082
418	0	0.48078
419	0	0.49908800000000003
420	1	0.46341
421	0	0.307667
422	1	0.322208
423	0	0.5946899999999999
424	2	3.0289200000000003
425	0	0.47082
426	0	0.6575810000000001
427	0	0.4035
428	1	0.267331
429	0	0.43492000000000003
430	0	0.27556400000000003
431	0	0.58308
432	1	0.45491000000000004
433	1	0.364336
434	0	0.49860000000000004
435	0	0.33113000000000004
436	1	0.196852
437	0	0.447061
438	0	0.329069
439	0	0.36697
440	0	0.451968
441	0	0.42786
442	0	0.43649
443	0	0.469208
444	0	0.457993
445	1	0.547996
446	1	0.48714
447	0	0.204331
448	0	0.396231
449	0	0.49129
450	0	0.35474
451	0	3.07625
452	1	0.34408099999999997
453	0	0.44622000000000006
454	0	0.573368
455	2	0.44155
456	2	0.49129
457	3	3.02477
458	1	0.258023
459	0	0.41458000000000006
460	0	0.36438
461	0	0.259708
462	0	0.388157
463	1	0.597746
464	0	0.55566
465	2	0.410194
466	1	0.44155
467	0	0.44622000000000006
468	0	0.36438
469	1	0.295968
470	0	0.48045000000000004
471	0	0.31056
472	1	0.39857
473	0	0.290009
474	0	0.6283
475	0	0.34775
476	1	0.36828
477	0	0.47682
478	1	0.68998
479	1	0.522706
480	1	0.365518
481	0	0.37375
482	0	0.317749
483	0	0.31834
484	0	0.292812
485	0	0.329819
486	0	0.47771
487	1	0.24765700000000002
488	1	0.32291400000000003
489	0	0.380151
490	0	0.351
491	0	0.27656000000000003
492	1	0.35907
493	0	0.21475
494	0	0.41269
495	2	0.33603
496	0	0.354418
497	0	0.362006
498	0	0.299641
499	0	0.51316
500	1	2.307082
501	0	0.277929
502	1	0.6482140000000001
503	1	0.318454
504	0	0.696658
505	1	0.471896
506	0	0.327882
507	0	0.39986900000000003
508	0	0.668598
509	1	0.412386
510	1	0.47052000000000005
511	1	0.471896
512	0	0.49129
513	2	0.47082
514	0	0.43918
515	1	0.343384
516	0	0.352692
517	0	0.43177
518	0	0.44776
519	0	0.28782599999999997
520	0	0.43177
521	0	0.490806
522	0	0.318574
523	1	0.5159400000000001
524	2	0.592599
525	2	0.293082
526	0	0.277929
527	0	0.46308
528	0	0.48857900000000004
529	0	0.36828
530	1	0.276988
531	1	0.2688
532	0	0.52166
533	1	0.26768
534	0	0.49065400000000003
535	0	0.22468
536	0	0.48413
537	0	0.394264
538	1	0.44155
539	0	0.34775
540	0	0.454526
541	0	0.318574
542	0	0.522706
543	0	0.324905
544	1	0.63079
545	1	2.280808
546	0	0.432367
547	0	0.285496
548	0	0.44963
549	0	0.448495
550	2	0.306487
551	0	0.336355
552	0	0.24413
553	0	0.34469299999999997
554	0	0.33761399999999997
555	0	0.484498
556	0	0.28869
557	1	0.43721
