locus	transcript	exp	obs
12:57032111	ENST00000262030	2.0720e+00	1
12:57032112	ENST00000262030	1.8375e-01	0
12:57032114	ENST00000262030	1.1381e-01	0
12:57032115	ENST00000262030	1.0147e-01	0
12:57032116	ENST00000262030	5.4639e-02	0
12:57032117	ENST00000262030	3.0664e-01	1
12:57032118	ENST00000262030	2.3338e-01	0
12:57032119	ENST00000262030	8.4494e-02	0
12:57032120	ENST00000262030	1.0817e-01	0
12:57032121	ENST00000262030	1.7961e-01	0
12:57032122	ENST00000262030	4.7942e-02	1
12:57032123	ENST00000262030	1.0147e-01	0
12:57032124	ENST00000262030	1.5583e-01	0
12:57032126	ENST00000262030	2.3736e-01	0
12:57032127	ENST00000262030	2.8792e-01	0
12:57032129	ENST00000262030	1.5738e-01	0
12:57032130	ENST00000262030	8.4494e-02	0
12:57032131	ENST00000262030	8.4494e-02	0
12:57032132	ENST00000262030	1.2505e-01	0
12:57032133	ENST00000262030	1.0766e-01	0
12:57032134	ENST00000262030	6.0009e-02	0
12:57032135	ENST00000262030	1.8375e-01	0
12:57032136	ENST00000262030	2.0117e-01	0
12:57032138	ENST00000262030	2.3736e-01	1
12:57032139	ENST00000262030	2.3736e-01	1
12:57032140	ENST00000262030	4.7942e-02	0
12:57032141	ENST00000262030	1.1630e-01	1
12:57032142	ENST00000262030	9.5363e-02	0
12:57032144	ENST00000262030	2.3338e-01	1
12:57032145	ENST00000262030	2.8792e-01	0
12:57032147	ENST00000262030	1.6368e-01	0
12:57032148	ENST00000262030	2.8717e-01	0
12:57032150	ENST00000262030	2.3736e-01	1
12:57032151	ENST00000262030	2.3736e-01	0
12:57032152	ENST00000262030	4.7942e-02	0
12:57032153	ENST00000262030	1.0147e-01	0
12:57032154	ENST00000262030	1.7961e-01	0
12:57032155	ENST00000262030	4.7942e-02	0
12:57032156	ENST00000262030	1.0147e-01	0
12:57032157	ENST00000262030	1.5583e-01	0
12:57032158	ENST00000262030	3.8495e-02	0
12:57032159	ENST00000262030	2.0683e-01	0
12:57032160	ENST00000262030	3.0664e-01	1
12:57032162	ENST00000262030	2.9057e-01	2
12:57032163	ENST00000262030	3.5600e-01	1
12:57032165	ENST00000262030	2.5141e-01	0
12:57032166	ENST00000262030	2.3115e-01	0
12:57032168	ENST00000262030	1.6368e-01	0
12:57032169	ENST00000262030	3.5600e-01	0
12:57032170	ENST00000262030	2.0895e-01	0
12:57032171	ENST00000262030	3.0664e-01	0
12:57032172	ENST00000262030	2.7975e-01	0
12:57032174	ENST00000262030	2.7975e-01	0
12:57032175	ENST00000262030	1.4405e-01	0
12:57032176	ENST00000262030	1.2262e-01	0
12:57032177	ENST00000262030	1.0147e-01	0
12:57032178	ENST00000262030	1.2505e-01	0
12:57032180	ENST00000262030	2.8792e-01	0
12:57032181	ENST00000262030	2.8792e-01	1
12:57032182	ENST00000262030	8.6224e-02	0
12:57032183	ENST00000262030	1.5738e-01	1
12:57032184	ENST00000262030	1.0425e-01	0
12:57032185	ENST00000262030	5.3915e-02	0
12:57032186	ENST00000262030	1.0147e-01	0
12:57032187	ENST00000262030	1.7961e-01	0
12:57032189	ENST00000262030	2.0895e-01	0
12:57032190	ENST00000262030	2.9057e-01	0
12:57032192	ENST00000262030	1.0817e-01	0
12:57032193	ENST00000262030	2.3173e-01	0
12:57032194	ENST00000262030	7.8867e-02	0
12:57032195	ENST00000262030	3.0664e-01	1
12:57032196	ENST00000262030	2.0895e-01	1
12:57032197	ENST00000262030	1.6029e-01	0
12:57032198	ENST00000262030	1.4039e-01	0
12:57032199	ENST00000262030	2.0117e-01	0
12:57032201	ENST00000262030	2.7975e-01	0
12:57032202	ENST00000262030	2.7975e-01	1
12:57032203	ENST00000262030	5.4639e-02	0
12:57032204	ENST00000262030	1.0147e-01	0
12:57032205	ENST00000262030	1.5583e-01	0
12:57032207	ENST00000262030	3.5600e-01	0
12:57032890	ENST00000262030	2.4602e-01	0
12:57032892	ENST00000262030	2.3338e-01	0
12:57032893	ENST00000262030	2.8792e-01	0
12:57032894	ENST00000262030	7.6976e-02	0
12:57032895	ENST00000262030	1.1354e-01	0
12:57032896	ENST00000262030	5.6860e-02	0
12:57032897	ENST00000262030	3.5920e-02	0
12:57032898	ENST00000262030	2.0683e-01	0
12:57032899	ENST00000262030	1.8375e-01	0
12:57032900	ENST00000262030	1.2262e-01	1
12:57032901	ENST00000262030	1.5738e-01	0
12:57032902	ENST00000262030	9.8265e-02	0
12:57032903	ENST00000262030	8.4494e-02	0
12:57032904	ENST00000262030	1.5738e-01	0
12:57032905	ENST00000262030	7.6976e-02	0
12:57032906	ENST00000262030	1.0095e-01	0
12:57032907	ENST00000262030	1.0147e-01	0
12:57032908	ENST00000262030	2.0683e-01	0
12:57032910	ENST00000262030	2.5141e-01	0
12:57032911	ENST00000262030	2.1248e-01	1
12:57032912	ENST00000262030	4.7942e-02	0
12:57032913	ENST00000262030	1.1630e-01	1
12:57032914	ENST00000262030	1.1354e-01	0
12:57032915	ENST00000262030	4.2026e-02	0
12:57032916	ENST00000262030	1.8375e-01	0
12:57032917	ENST00000262030	3.0664e-01	0
12:57032919	ENST00000262030	3.5600e-01	0
12:57032920	ENST00000262030	1.4039e-01	0
12:57032921	ENST00000262030	1.2262e-01	0
12:57032922	ENST00000262030	1.0817e-01	0
12:57032923	ENST00000262030	2.0039e-01	0
12:57032924	ENST00000262030	8.6224e-02	0
12:57032925	ENST00000262030	1.2505e-01	0
12:57032926	ENST00000262030	8.2987e-02	0
12:57032928	ENST00000262030	1.5738e-01	0
12:57032929	ENST00000262030	8.6224e-02	0
12:57032931	ENST00000262030	2.9057e-01	0
12:57032932	ENST00000262030	3.5600e-01	0
12:57032934	ENST00000262030	1.6396e-01	0
12:57032935	ENST00000262030	3.5600e-01	1
12:57032937	ENST00000262030	1.5738e-01	0
12:57032938	ENST00000262030	8.4494e-02	0
12:57032939	ENST00000262030	8.4494e-02	0
12:57032940	ENST00000262030	1.2505e-01	0
12:57032941	ENST00000262030	8.2987e-02	0
12:57032943	ENST00000262030	2.9057e-01	0
12:57032944	ENST00000262030	2.9057e-01	0
12:57032945	ENST00000262030	2.0895e-01	0
12:57032946	ENST00000262030	3.0664e-01	0
12:57032947	ENST00000262030	2.7975e-01	0
12:57032948	ENST00000262030	6.0009e-02	0
12:57032949	ENST00000262030	3.0664e-01	0
12:57032950	ENST00000262030	2.0117e-01	0
12:57032952	ENST00000262030	3.5600e-01	0
12:57032953	ENST00000262030	2.4602e-01	0
12:57032955	ENST00000262030	2.8717e-01	0
12:57032956	ENST00000262030	1.6368e-01	0
12:57032957	ENST00000262030	8.7360e-02	0
12:57032958	ENST00000262030	1.0147e-01	0
12:57032959	ENST00000262030	1.2505e-01	0
12:57032961	ENST00000262030	1.4039e-01	0
12:57032962	ENST00000262030	3.5600e-01	0
12:57032963	ENST00000262030	8.6224e-02	0
12:57032964	ENST00000262030	1.0817e-01	0
12:57032965	ENST00000262030	1.5583e-01	0
12:57032967	ENST00000262030	2.3736e-01	0
12:57032968	ENST00000262030	2.3338e-01	0
12:57032970	ENST00000262030	1.5687e-01	0
12:57032971	ENST00000262030	3.5600e-01	0
12:57032972	ENST00000262030	8.6224e-02	1
12:57032973	ENST00000262030	1.5738e-01	0
12:57032974	ENST00000262030	7.6976e-02	0
12:57032975	ENST00000262030	1.0095e-01	0
12:57032976	ENST00000262030	1.0147e-01	0
12:57032977	ENST00000262030	2.0683e-01	0
12:57032979	ENST00000262030	2.0895e-01	0
12:57032980	ENST00000262030	2.8792e-01	0
12:57032981	ENST00000262030	8.4494e-02	0
12:57032982	ENST00000262030	1.5738e-01	0
12:57032983	ENST00000262030	8.7360e-02	0
12:57032985	ENST00000262030	2.3173e-01	0
12:57032986	ENST00000262030	1.4039e-01	0
12:57032987	ENST00000262030	1.0425e-01	0
12:57032988	ENST00000262030	1.1354e-01	0
12:57032989	ENST00000262030	4.7942e-02	0
12:57032990	ENST00000262030	1.2262e-01	0
12:57032991	ENST00000262030	1.0147e-01	0
12:57032992	ENST00000262030	1.1630e-01	0
12:57032994	ENST00000262030	3.0090e+00	1
12:57032995	ENST00000262030	2.6649e+00	1
12:57032996	ENST00000262030	8.4494e-02	0
12:57032997	ENST00000262030	1.5738e-01	0
12:57032998	ENST00000262030	1.0425e-01	0
12:57032999	ENST00000262030	1.2131e-01	1
12:57033000	ENST00000262030	2.7975e-01	0
12:57033001	ENST00000262030	2.0683e-01	0
12:57033002	ENST00000262030	5.6860e-02	0
12:57033003	ENST00000262030	1.1630e-01	0
12:57033004	ENST00000262030	8.2987e-02	0
12:57033006	ENST00000262030	2.6570e+00	0
12:57033007	ENST00000262030	2.8777e+00	0
12:57033009	ENST00000262030	2.3338e-01	0
12:57033010	ENST00000262030	2.3338e-01	0
12:57033012	ENST00000262030	3.0090e+00	1
12:57033013	ENST00000262030	2.6570e+00	1
12:57033015	ENST00000262030	2.5141e-01	0
12:57033016	ENST00000262030	1.4039e-01	0
12:57033018	ENST00000262030	1.6368e-01	0
12:57033019	ENST00000262030	3.0090e+00	1
12:57033021	ENST00000262030	3.5600e-01	1
12:57033022	ENST00000262030	1.4039e-01	0
12:57033023	ENST00000262030	8.7360e-02	0
12:57033024	ENST00000262030	1.1354e-01	2
12:57033025	ENST00000262030	5.3915e-02	0
12:57033026	ENST00000262030	1.0069e-01	0
12:57033027	ENST00000262030	1.2505e-01	0
12:57033028	ENST00000262030	1.1354e-01	1
12:57033029	ENST00000262030	1.0425e-01	0
12:57033030	ENST00000262030	1.4039e-01	0
12:57033031	ENST00000262030	2.3173e-01	0
12:57033032	ENST00000262030	4.7942e-02	0
12:57033033	ENST00000262030	1.0147e-01	0
12:57033034	ENST00000262030	2.0039e-01	0
12:57033035	ENST00000262030	8.6224e-02	0
12:57033036	ENST00000262030	1.0817e-01	0
12:57033037	ENST00000262030	1.5583e-01	0
12:57033039	ENST00000262030	2.3173e-01	0
12:57033040	ENST00000262030	1.0147e-01	0
12:57033042	ENST00000262030	1.2505e-01	0
12:57033043	ENST00000262030	2.5685e-01	0
12:57033044	ENST00000262030	5.3915e-02	0
12:57033045	ENST00000262030	1.0147e-01	0
12:57033046	ENST00000262030	1.5583e-01	0
12:57033047	ENST00000262030	8.5350e-02	0
12:57033048	ENST00000262030	1.8375e-01	0
12:57033049	ENST00000262030	2.5141e-01	0
12:57033050	ENST00000262030	2.0895e-01	0
12:57033051	ENST00000262030	3.0664e-01	0
12:57033052	ENST00000262030	2.7975e-01	0
12:57033054	ENST00000262030	3.5600e-01	0
12:57033055	ENST00000262030	2.9057e-01	0
12:57033057	ENST00000262030	1.5738e-01	0
12:57033058	ENST00000262030	8.6224e-02	0
12:57033059	ENST00000262030	4.9928e-02	0
12:57033060	ENST00000262030	1.8375e-01	0
12:57033061	ENST00000262030	3.0664e-01	0
12:57033063	ENST00000262030	2.8792e-01	0
12:57033064	ENST00000262030	2.3338e-01	0
12:57033065	ENST00000262030	3.8495e-02	0
12:57033066	ENST00000262030	2.0683e-01	0
12:57033067	ENST00000262030	3.0664e-01	0
12:57033068	ENST00000262030	4.2026e-02	0
12:57033069	ENST00000262030	1.8375e-01	0
12:57033070	ENST00000262030	2.7975e-01	0
12:57033071	ENST00000262030	6.0009e-02	0
12:57033072	ENST00000262030	1.8375e-01	0
12:57033073	ENST00000262030	2.5141e-01	0
12:57033074	ENST00000262030	8.6224e-02	0
12:57033075	ENST00000262030	1.5738e-01	0
12:57033076	ENST00000262030	7.6976e-02	0
12:57033078	ENST00000262030	1.0817e-01	0
12:57033079	ENST00000262030	2.4602e-01	0
12:57033081	ENST00000262030	2.5141e-01	0
12:57033082	ENST00000262030	1.8375e-01	0
12:57033083	ENST00000262030	5.4639e-02	0
12:57033084	ENST00000262030	1.1630e-01	1
12:57033085	ENST00000262030	1.1354e-01	0
12:57033087	ENST00000262030	1.6396e-01	0
12:57033088	ENST00000262030	1.4405e-01	0
12:57033089	ENST00000262030	1.0069e-01	0
12:57033090	ENST00000262030	1.4039e-01	0
12:57033091	ENST00000262030	2.5141e-01	1
12:57033764	ENST00000262030	8.6224e-02	0
12:57033765	ENST00000262030	1.5738e-01	0
12:57033766	ENST00000262030	9.8265e-02	0
12:57033768	ENST00000262030	1.5738e-01	0
12:57033769	ENST00000262030	8.6224e-02	0
12:57033770	ENST00000262030	4.9928e-02	0
12:57033771	ENST00000262030	1.8375e-01	0
12:57033772	ENST00000262030	1.8375e-01	0
12:57033773	ENST00000262030	1.2262e-01	0
12:57033774	ENST00000262030	1.2505e-01	0
12:57033775	ENST00000262030	9.5363e-02	0
12:57033776	ENST00000262030	5.6860e-02	0
12:57033777	ENST00000262030	1.3157e-01	0
12:57033778	ENST00000262030	9.8265e-02	0
12:57033780	ENST00000262030	1.6368e-01	0
12:57033781	ENST00000262030	3.5600e-01	0
12:57033783	ENST00000262030	2.9057e-01	0
12:57033784	ENST00000262030	2.0895e-01	0
12:57033786	ENST00000262030	3.0090e+00	1
12:57033787	ENST00000262030	2.6570e+00	2
12:57033789	ENST00000262030	2.8792e-01	0
12:57033790	ENST00000262030	2.3338e-01	0
12:57033792	ENST00000262030	1.5687e-01	0
12:57033793	ENST00000262030	2.8717e-01	1
12:57033794	ENST00000262030	8.5350e-02	0
12:57033795	ENST00000262030	1.8375e-01	0
12:57033796	ENST00000262030	2.1730e+00	1
12:57033798	ENST00000262030	1.6396e-01	0
12:57033799	ENST00000262030	1.4333e-01	0
12:57033800	ENST00000262030	5.4639e-02	0
12:57033801	ENST00000262030	3.0664e-01	0
12:57033802	ENST00000262030	2.3338e-01	0
12:57033803	ENST00000262030	8.4494e-02	0
12:57033804	ENST00000262030	1.0817e-01	0
12:57033805	ENST00000262030	1.5583e-01	0
12:57033806	ENST00000262030	6.3985e-02	0
12:57033807	ENST00000262030	2.5685e-01	0
12:57033808	ENST00000262030	1.5738e-01	0
12:57033810	ENST00000262030	2.8792e-01	0
12:57033811	ENST00000262030	2.0895e-01	0
12:57033813	ENST00000262030	1.5687e-01	0
12:57033814	ENST00000262030	2.8717e-01	0
12:57033815	ENST00000262030	3.8495e-02	0
12:57033816	ENST00000262030	2.0683e-01	0
12:57033817	ENST00000262030	3.0664e-01	0
12:57033818	ENST00000262030	1.0425e-01	0
12:57033819	ENST00000262030	1.5687e-01	0
12:57033820	ENST00000262030	1.3157e-01	0
12:57033822	ENST00000262030	2.9057e-01	0
12:57033823	ENST00000262030	2.5141e-01	1
12:57033824	ENST00000262030	7.8867e-02	0
12:57033825	ENST00000262030	1.8375e-01	2
12:57033826	ENST00000262030	2.5141e-01	0
12:57033827	ENST00000262030	2.0895e-01	0
12:57033828	ENST00000262030	3.0664e-01	0
12:57033829	ENST00000262030	3.0664e-01	0
12:57033830	ENST00000262030	4.2026e-02	0
12:57033831	ENST00000262030	1.8375e-01	0
12:57033832	ENST00000262030	2.7975e-01	0
12:57033834	ENST00000262030	3.0090e+00	1
12:57033835	ENST00000262030	2.1730e+00	0
12:57033837	ENST00000262030	2.3173e-01	0
12:57033838	ENST00000262030	1.0817e-01	0
12:57033840	ENST00000262030	3.5600e-01	0
12:57033841	ENST00000262030	1.6368e-01	0
12:57033843	ENST00000262030	2.5141e-01	0
12:57033844	ENST00000262030	1.0817e-01	0
12:57033845	ENST00000262030	1.0069e-01	0
12:57033846	ENST00000262030	1.4039e-01	0
12:57033847	ENST00000262030	2.3173e-01	0
12:57033849	ENST00000262030	1.4405e-01	0
12:57033850	ENST00000262030	1.2262e-01	0
12:57033852	ENST00000262030	2.4602e-01	0
12:57033853	ENST00000262030	2.5141e-01	0
12:57033854	ENST00000262030	7.8867e-02	0
12:57033855	ENST00000262030	1.8375e-01	0
12:57033856	ENST00000262030	2.5141e-01	0
12:57033858	ENST00000262030	1.6368e-01	0
12:57033859	ENST00000262030	2.8717e-01	0
12:57033861	ENST00000262030	2.3736e-01	0
12:57033862	ENST00000262030	2.3736e-01	0
12:57033864	ENST00000262030	2.0895e-01	0
12:57033865	ENST00000262030	2.5141e-01	0
12:57033867	ENST00000262030	2.7975e-01	0
12:57033868	ENST00000262030	1.4405e-01	0
12:57033869	ENST00000262030	7.0495e-02	0
12:57033870	ENST00000262030	1.8375e-01	0
12:57033871	ENST00000262030	3.0664e-01	1
12:57033873	ENST00000262030	2.8792e-01	0
12:57033874	ENST00000262030	2.9057e-01	0
12:57033876	ENST00000262030	1.5738e-01	0
12:57033877	ENST00000262030	8.4494e-02	0
12:57033878	ENST00000262030	8.4494e-02	0
12:57033879	ENST00000262030	1.0817e-01	0
12:57033880	ENST00000262030	1.5583e-01	0
12:57033882	ENST00000262030	2.3736e-01	0
12:57033883	ENST00000262030	2.3338e-01	0
12:57033884	ENST00000262030	3.8495e-02	0
12:57033885	ENST00000262030	2.0683e-01	0
12:57033886	ENST00000262030	3.0664e-01	0
12:57033888	ENST00000262030	2.8792e-01	0
12:57033889	ENST00000262030	2.3338e-01	0
12:57033891	ENST00000262030	3.0090e+00	0
12:57033892	ENST00000262030	2.5163e-01	0
12:57033894	ENST00000262030	2.0720e+00	1
12:57033895	ENST00000262030	1.4039e-01	0
12:57033897	ENST00000262030	1.5738e-01	0
12:57033898	ENST00000262030	1.0069e-01	0
12:57033900	ENST00000262030	1.6396e-01	0
12:57033901	ENST00000262030	2.8717e-01	0
12:57033903	ENST00000262030	2.5685e-01	0
12:57033904	ENST00000262030	1.6368e-01	1
12:57033906	ENST00000262030	3.5600e-01	0
12:57033907	ENST00000262030	1.6396e-01	0
12:57033909	ENST00000262030	2.3736e-01	0
12:57033910	ENST00000262030	2.3338e-01	0
12:57033911	ENST00000262030	8.5350e-02	0
12:57033912	ENST00000262030	1.8375e-01	0
12:57033913	ENST00000262030	2.5141e-01	0
12:57033914	ENST00000262030	7.6976e-02	0
12:57033915	ENST00000262030	1.1354e-01	0
12:57033916	ENST00000262030	5.6860e-02	0
12:57033917	ENST00000262030	5.4639e-02	0
12:57033918	ENST00000262030	3.0664e-01	0
12:57033919	ENST00000262030	2.0895e-01	0
12:57033921	ENST00000262030	2.8792e-01	0
12:57033922	ENST00000262030	2.3338e-01	1
12:57033923	ENST00000262030	5.6524e-02	0
12:57033924	ENST00000262030	1.1630e-01	0
12:57033925	ENST00000262030	1.5687e-01	0
12:57033927	ENST00000262030	3.0090e+00	0
12:57033928	ENST00000262030	1.6396e-01	1
12:57033930	ENST00000262030	2.5685e-01	0
12:57033931	ENST00000262030	1.6396e-01	0
12:57033933	ENST00000262030	2.3736e-01	0
12:57033934	ENST00000262030	2.3338e-01	0
12:57033936	ENST00000262030	2.4602e-01	0
12:57033937	ENST00000262030	2.9057e-01	1
12:57033939	ENST00000262030	2.8792e-01	0
12:57033940	ENST00000262030	2.3338e-01	0
12:57033942	ENST00000262030	2.4602e-01	0
12:57033943	ENST00000262030	2.9057e-01	1
12:57033944	ENST00000262030	1.6029e-01	0
12:57033945	ENST00000262030	1.4039e-01	0
12:57033946	ENST00000262030	2.0117e-01	0
12:57033948	ENST00000262030	2.5685e-01	0
12:57033949	ENST00000262030	1.4039e-01	0
12:57033950	ENST00000262030	8.7360e-02	0
12:57033951	ENST00000262030	1.1354e-01	0
12:57033952	ENST00000262030	4.7942e-02	0
12:57033953	ENST00000262030	1.0069e-01	0
12:57033954	ENST00000262030	1.4039e-01	0
12:57033955	ENST00000262030	2.0117e-01	0
12:57033956	ENST00000262030	8.5350e-02	0
12:57033957	ENST00000262030	1.8375e-01	0
12:57033958	ENST00000262030	2.0117e-01	0
12:57033960	ENST00000262030	2.3736e-01	0
12:57033961	ENST00000262030	2.3338e-01	0
12:57033963	ENST00000262030	2.4602e-01	0
12:57033964	ENST00000262030	2.8792e-01	0
12:57033966	ENST00000262030	1.6368e-01	0
12:57033967	ENST00000262030	2.8717e-01	0
12:57033969	ENST00000262030	2.7975e-01	0
12:57033970	ENST00000262030	1.4405e-01	0
12:57033971	ENST00000262030	7.0495e-02	0
12:57033972	ENST00000262030	1.8375e-01	0
12:57033973	ENST00000262030	2.7975e-01	1
12:57033975	ENST00000262030	2.3736e-01	0
12:57033976	ENST00000262030	2.8792e-01	0
12:57036242	ENST00000262030	8.6224e-02	0
12:57036243	ENST00000262030	1.5738e-01	0
12:57036244	ENST00000262030	1.0425e-01	0
12:57036246	ENST00000262030	1.6396e-01	0
12:57036247	ENST00000262030	2.8717e-01	1
12:57036249	ENST00000262030	2.3173e-01	0
12:57036250	ENST00000262030	1.0817e-01	0
12:57036252	ENST00000262030	3.5600e-01	0
12:57036253	ENST00000262030	1.6368e-01	0
12:57036254	ENST00000262030	4.2026e-02	0
12:57036255	ENST00000262030	1.8375e-01	1
12:57036256	ENST00000262030	2.7975e-01	0
12:57036258	ENST00000262030	2.3173e-01	0
12:57036259	ENST00000262030	1.8375e-01	0
12:57036261	ENST00000262030	2.5141e-01	0
12:57036262	ENST00000262030	2.3115e-01	0
12:57036263	ENST00000262030	8.6224e-02	0
12:57036264	ENST00000262030	1.2505e-01	0
12:57036265	ENST00000262030	8.2987e-02	0
12:57036266	ENST00000262030	1.2262e-01	0
12:57036267	ENST00000262030	1.2505e-01	0
12:57036268	ENST00000262030	1.1354e-01	0
12:57036270	ENST00000262030	3.5600e-01	1
12:57036271	ENST00000262030	1.6396e-01	0
12:57036273	ENST00000262030	2.5685e-01	0
12:57036274	ENST00000262030	1.6368e-01	0
12:57036276	ENST00000262030	3.5600e-01	0
12:57036277	ENST00000262030	1.6396e-01	0
12:57036278	ENST00000262030	2.6527e-02	0
12:57036279	ENST00000262030	2.0683e-01	0
12:57036280	ENST00000262030	2.0683e-01	0
12:57036281	ENST00000262030	4.2235e-02	0
12:57036282	ENST00000262030	2.3173e-01	0
12:57036283	ENST00000262030	7.7112e-02	0
12:57036284	ENST00000262030	5.6860e-02	0
12:57036285	ENST00000262030	1.0147e-01	0
12:57036286	ENST00000262030	2.0039e-01	0
12:57036287	ENST00000262030	8.6224e-02	0
12:57036288	ENST00000262030	1.5738e-01	0
12:57036289	ENST00000262030	9.8265e-02	0
12:57036290	ENST00000262030	2.3338e-01	0
12:57036291	ENST00000262030	3.0664e-01	0
12:57036292	ENST00000262030	2.7975e-01	0
12:57036294	ENST00000262030	2.5685e-01	0
12:57036295	ENST00000262030	1.6396e-01	0
12:57036297	ENST00000262030	3.5600e-01	0
12:57036298	ENST00000262030	2.9057e-01	0
12:57036299	ENST00000262030	2.0895e-01	0
12:57036300	ENST00000262030	3.0664e-01	1
12:57036301	ENST00000262030	3.0664e-01	0
12:57036302	ENST00000262030	1.0425e-01	0
12:57036303	ENST00000262030	1.4039e-01	0
12:57036304	ENST00000262030	2.0117e-01	0
12:57036306	ENST00000262030	2.5685e-01	0
12:57036307	ENST00000262030	1.6368e-01	0
12:57036309	ENST00000262030	2.8792e-01	0
12:57036310	ENST00000262030	2.8792e-01	0
12:57036312	ENST00000262030	1.5738e-01	0
12:57036313	ENST00000262030	8.6224e-02	0
12:57036315	ENST00000262030	3.5600e-01	0
12:57036316	ENST00000262030	1.6396e-01	0
12:57036318	ENST00000262030	2.4602e-01	1
12:57036319	ENST00000262030	2.8792e-01	0
12:57036320	ENST00000262030	8.4494e-02	0
12:57036321	ENST00000262030	1.5738e-01	0
12:57036322	ENST00000262030	8.7360e-02	0
12:57036324	ENST00000262030	2.7975e-01	0
12:57036325	ENST00000262030	1.4405e-01	0
12:57036327	ENST00000262030	2.8792e-01	0
12:57036328	ENST00000262030	2.9057e-01	0
12:57036330	ENST00000262030	1.6368e-01	0
12:57036331	ENST00000262030	2.8717e-01	0
12:57036333	ENST00000262030	2.3736e-01	0
12:57036334	ENST00000262030	2.3338e-01	0
12:57036336	ENST00000262030	2.3173e-01	0
12:57036337	ENST00000262030	1.0147e-01	0
12:57036339	ENST00000262030	2.4602e-01	0
12:57036340	ENST00000262030	2.9057e-01	0
12:57036341	ENST00000262030	4.9928e-02	0
12:57036342	ENST00000262030	1.8375e-01	0
12:57036343	ENST00000262030	2.0683e-01	0
12:57036345	ENST00000262030	2.1730e+00	0
12:57036346	ENST00000262030	1.0525e-01	0
12:57036348	ENST00000262030	2.8792e-01	0
12:57036349	ENST00000262030	2.9057e-01	1
12:57036350	ENST00000262030	7.6976e-02	0
12:57036351	ENST00000262030	1.1354e-01	0
12:57036352	ENST00000262030	5.4639e-02	0
12:57036353	ENST00000262030	6.0009e-02	0
12:57036354	ENST00000262030	8.1137e-02	0
12:57036355	ENST00000262030	5.4639e-02	0
12:57036357	ENST00000262030	2.3338e-01	0
12:57036358	ENST00000262030	2.3338e-01	0
12:57036360	ENST00000262030	2.3173e-01	0
12:57036361	ENST00000262030	1.4039e-01	0
12:57036363	ENST00000262030	1.6368e-01	0
12:57036364	ENST00000262030	2.4407e-01	0
12:57036457	ENST00000262030	8.6224e-02	0
12:57036458	ENST00000262030	1.0817e-01	0
12:57036459	ENST00000262030	1.7961e-01	0
12:57036461	ENST00000262030	1.1381e-01	0
12:57036462	ENST00000262030	1.0147e-01	0
12:57036464	ENST00000262030	3.5600e-01	0
12:57036465	ENST00000262030	2.0895e-01	0
12:57036467	ENST00000262030	2.3736e-01	0
12:57036468	ENST00000262030	2.8792e-01	0
12:57036469	ENST00000262030	8.6224e-02	0
12:57036470	ENST00000262030	1.5738e-01	0
12:57036471	ENST00000262030	7.6976e-02	0
12:57036473	ENST00000262030	3.5600e-01	0
12:57036474	ENST00000262030	1.6368e-01	0
12:57036475	ENST00000262030	8.7360e-02	0
12:57036476	ENST00000262030	1.0147e-01	0
12:57036477	ENST00000262030	1.2505e-01	0
12:57036479	ENST00000262030	2.6649e+00	0
12:57036480	ENST00000262030	2.1730e+00	0
12:57036481	ENST00000262030	4.2235e-02	0
12:57036482	ENST00000262030	1.1630e-01	0
12:57036483	ENST00000262030	4.7942e-02	0
12:57036484	ENST00000262030	7.0495e-02	0
12:57036485	ENST00000262030	1.8375e-01	0
12:57036486	ENST00000262030	3.0664e-01	0
12:57036487	ENST00000262030	1.0425e-01	0
12:57036488	ENST00000262030	1.5687e-01	0
12:57036489	ENST00000262030	1.4333e-01	0
12:57036490	ENST00000262030	6.0009e-02	0
12:57036491	ENST00000262030	1.8375e-01	0
12:57036492	ENST00000262030	2.0117e-01	0
12:57036493	ENST00000262030	3.8495e-02	0
12:57036494	ENST00000262030	2.0683e-01	0
12:57036495	ENST00000262030	2.7975e-01	0
12:57036496	ENST00000262030	6.2192e-02	0
12:57036497	ENST00000262030	1.1630e-01	0
12:57036498	ENST00000262030	2.0683e-01	0
12:57036500	ENST00000262030	1.4405e-01	1
12:57036501	ENST00000262030	8.4494e-02	0
12:57036503	ENST00000262030	1.5738e-01	0
12:57036504	ENST00000262030	1.0069e-01	0
12:57036506	ENST00000262030	1.6396e-01	0
12:57036507	ENST00000262030	2.8717e-01	0
12:57036508	ENST00000262030	8.5350e-02	0
12:57036509	ENST00000262030	1.8375e-01	0
12:57036510	ENST00000262030	2.3173e-01	0
12:57036511	ENST00000262030	4.7942e-02	0
12:57036512	ENST00000262030	1.3157e-01	0
12:57036513	ENST00000262030	8.7360e-02	0
12:57036515	ENST00000262030	3.5600e-01	0
12:57036516	ENST00000262030	2.4602e-01	0
12:57036517	ENST00000262030	4.7942e-02	0
12:57036518	ENST00000262030	1.0147e-01	0
12:57036519	ENST00000262030	1.7961e-01	0
12:57036520	ENST00000262030	4.7942e-02	0
12:57036521	ENST00000262030	1.3157e-01	0
12:57036522	ENST00000262030	7.6976e-02	0
12:57036523	ENST00000262030	1.6029e-01	0
12:57036524	ENST00000262030	1.4039e-01	0
12:57036525	ENST00000262030	2.3173e-01	0
12:57036526	ENST00000262030	4.6853e-02	0
12:57036527	ENST00000262030	2.3173e-01	0
12:57036528	ENST00000262030	1.0274e-01	0
12:57036529	ENST00000262030	8.7360e-02	0
12:57036530	ENST00000262030	1.0147e-01	1
12:57036531	ENST00000262030	1.2505e-01	0
12:57036533	ENST00000262030	1.6396e-01	0
12:57036534	ENST00000262030	2.7975e-01	0
12:57036535	ENST00000262030	5.4639e-02	0
12:57036536	ENST00000262030	1.0147e-01	0
12:57036537	ENST00000262030	1.5583e-01	0
12:57036539	ENST00000262030	2.3736e-01	0
12:57036540	ENST00000262030	2.8792e-01	0
12:57036542	ENST00000262030	1.6368e-01	0
12:57036543	ENST00000262030	2.8717e-01	0
12:57036545	ENST00000262030	2.5685e-01	0
12:57036546	ENST00000262030	1.4039e-01	0
12:57036548	ENST00000262030	1.5738e-01	0
12:57036549	ENST00000262030	8.4494e-02	0
12:57036551	ENST00000262030	2.9057e-01	0
12:57036552	ENST00000262030	2.0895e-01	0
12:57036554	ENST00000262030	2.5685e-01	1
12:57036555	ENST00000262030	1.4039e-01	0
12:57036557	ENST00000262030	1.5738e-01	0
12:57036558	ENST00000262030	1.2262e-01	0
12:57036560	ENST00000262030	2.3736e-01	0
12:57036561	ENST00000262030	2.3736e-01	0
12:57036563	ENST00000262030	1.6396e-01	0
12:57036564	ENST00000262030	3.5600e-01	0
12:57036566	ENST00000262030	2.6570e+00	0
12:57036567	ENST00000262030	2.5552e+00	0
12:57036569	ENST00000262030	2.8792e-01	0
12:57036570	ENST00000262030	2.3338e-01	0
12:57036572	ENST00000262030	3.0090e+00	0
12:57036573	ENST00000262030	2.1730e+00	0
12:57036575	ENST00000262030	2.3736e-01	0
12:57036576	ENST00000262030	2.3338e-01	0
12:57036578	ENST00000262030	3.5600e-01	0
12:57036579	ENST00000262030	2.0895e-01	0
12:57036581	ENST00000262030	2.4602e-01	0
12:57036582	ENST00000262030	3.5600e-01	0
12:57036584	ENST00000262030	2.0895e-01	0
12:57036585	ENST00000262030	3.5600e-01	0
12:57036586	ENST00000262030	5.3915e-02	0
12:57036587	ENST00000262030	1.0147e-01	0
12:57036588	ENST00000262030	1.5583e-01	0
12:57036589	ENST00000262030	8.5350e-02	0
12:57036590	ENST00000262030	2.0683e-01	0
12:57036591	ENST00000262030	1.0147e-01	0
12:57036592	ENST00000262030	2.0117e-01	0
12:57036593	ENST00000262030	3.0664e-01	0
12:57036594	ENST00000262030	2.0683e-01	0
12:57036595	ENST00000262030	5.6860e-02	0
12:57036596	ENST00000262030	1.3157e-01	0
12:57036597	ENST00000262030	8.7360e-02	0
12:57036599	ENST00000262030	3.5600e-01	0
12:57036600	ENST00000262030	2.0895e-01	0
12:57036602	ENST00000262030	2.7975e-01	0
12:57036603	ENST00000262030	2.7975e-01	0
12:57036605	ENST00000262030	1.6396e-01	0
12:57036606	ENST00000262030	3.5600e-01	0
12:57036608	ENST00000262030	1.5738e-01	0
12:57036609	ENST00000262030	8.4494e-02	0
12:57036611	ENST00000262030	2.6649e+00	0
12:57036612	ENST00000262030	2.3736e-01	1
12:57036614	ENST00000262030	1.6396e-01	0
12:57036615	ENST00000262030	3.5600e-01	0
12:57037187	ENST00000262030	8.6224e-02	0
12:57037188	ENST00000262030	1.2505e-01	0
12:57037189	ENST00000262030	1.0766e-01	0
12:57037191	ENST00000262030	2.3173e-01	0
12:57037192	ENST00000262030	1.0817e-01	0
12:57037194	ENST00000262030	3.5600e-01	0
12:57037195	ENST00000262030	1.6368e-01	0
12:57037197	ENST00000262030	2.8792e-01	0
12:57037198	ENST00000262030	2.3338e-01	0
12:57037199	ENST00000262030	8.5350e-02	0
12:57037200	ENST00000262030	1.8375e-01	0
12:57037201	ENST00000262030	2.3173e-01	1
12:57037202	ENST00000262030	4.7942e-02	0
12:57037203	ENST00000262030	1.1630e-01	0
12:57037204	ENST00000262030	9.5363e-02	0
12:57037205	ENST00000262030	6.2192e-02	0
12:57037206	ENST00000262030	8.1137e-02	0
12:57037207	ENST00000262030	4.7942e-02	0
12:57037208	ENST00000262030	1.0069e-01	0
12:57037209	ENST00000262030	5.3915e-02	0
12:57037210	ENST00000262030	1.3157e-01	0
12:57037211	ENST00000262030	4.2026e-02	0
12:57037212	ENST00000262030	1.8375e-01	0
12:57037213	ENST00000262030	2.7975e-01	0
12:57037215	ENST00000262030	1.5687e-01	0
12:57037216	ENST00000262030	2.8717e-01	0
12:57037218	ENST00000262030	3.5600e-01	0
12:57037219	ENST00000262030	2.0895e-01	0
12:57037221	ENST00000262030	2.3173e-01	0
12:57037222	ENST00000262030	1.8375e-01	0
12:57037223	ENST00000262030	5.4639e-02	0
12:57037224	ENST00000262030	1.0147e-01	0
12:57037225	ENST00000262030	1.5583e-01	0
12:57037226	ENST00000262030	3.8495e-02	0
12:57037227	ENST00000262030	2.0683e-01	1
12:57037228	ENST00000262030	1.8375e-01	0
12:57037229	ENST00000262030	2.0117e-01	0
12:57037230	ENST00000262030	3.0664e-01	0
12:57037231	ENST00000262030	2.0683e-01	0
12:57037232	ENST00000262030	5.6860e-02	0
12:57037233	ENST00000262030	1.0147e-01	0
12:57037234	ENST00000262030	1.5583e-01	0
12:57037235	ENST00000262030	8.5350e-02	0
12:57037236	ENST00000262030	3.0664e-01	0
12:57037237	ENST00000262030	2.0895e-01	0
12:57037239	ENST00000262030	1.6396e-01	0
12:57037240	ENST00000262030	2.7975e-01	0
12:57037241	ENST00000262030	6.0009e-02	0
12:57037242	ENST00000262030	8.1137e-02	0
12:57037243	ENST00000262030	5.6860e-02	0
12:57037244	ENST00000262030	5.4639e-02	0
12:57037245	ENST00000262030	1.8375e-01	0
12:57037246	ENST00000262030	2.0117e-01	0
12:57037247	ENST00000262030	8.5350e-02	0
12:57037248	ENST00000262030	2.0683e-01	1
12:57037249	ENST00000262030	1.3157e-01	0
12:57037251	ENST00000262030	2.8792e-01	0
12:57037252	ENST00000262030	2.4602e-01	0
12:57037253	ENST00000262030	4.7942e-02	0
12:57037254	ENST00000262030	1.0147e-01	0
12:57037255	ENST00000262030	1.5583e-01	0
12:57037257	ENST00000262030	3.0090e+00	0
12:57037258	ENST00000262030	2.6570e+00	0
12:57037260	ENST00000262030	3.5600e-01	0
12:57037261	ENST00000262030	1.4039e-01	0
12:57037262	ENST00000262030	1.0095e-01	0
12:57037263	ENST00000262030	2.4602e-01	0
12:57037264	ENST00000262030	8.3577e-02	0
12:57037265	ENST00000262030	1.2262e-01	0
12:57037266	ENST00000262030	1.0817e-01	0
12:57037267	ENST00000262030	1.5583e-01	0
12:57037269	ENST00000262030	3.5600e-01	0
12:57037270	ENST00000262030	2.0895e-01	0
12:57037272	ENST00000262030	1.5687e-01	0
12:57037273	ENST00000262030	2.8717e-01	0
12:57037275	ENST00000262030	3.5600e-01	0
12:57037276	ENST00000262030	2.0895e-01	0
12:57037278	ENST00000262030	2.3736e-01	0
12:57037279	ENST00000262030	2.3338e-01	0
12:57037280	ENST00000262030	5.6524e-02	0
12:57037281	ENST00000262030	1.1630e-01	0
12:57037282	ENST00000262030	1.5687e-01	0
12:57037284	ENST00000262030	1.6368e-01	0
12:57037285	ENST00000262030	2.8717e-01	0
12:57037287	ENST00000262030	2.3173e-01	0
12:57037288	ENST00000262030	1.0817e-01	1
12:57037290	ENST00000262030	1.6396e-01	0
12:57037291	ENST00000262030	1.4333e-01	0
12:57037293	ENST00000262030	3.5600e-01	0
12:57037294	ENST00000262030	2.0895e-01	0
12:57037296	ENST00000262030	3.5600e-01	0
12:57037297	ENST00000262030	2.0895e-01	0
12:57037298	ENST00000262030	8.5350e-02	0
12:57037299	ENST00000262030	3.0664e-01	0
12:57037300	ENST00000262030	2.0895e-01	0
12:57037302	ENST00000262030	2.8792e-01	1
12:57037303	ENST00000262030	2.3736e-01	0
12:57037304	ENST00000262030	4.7942e-02	0
12:57037305	ENST00000262030	1.1630e-01	1
12:57037306	ENST00000262030	1.1354e-01	0
12:57037308	ENST00000262030	2.8792e-01	0
12:57037309	ENST00000262030	2.6649e+00	1
12:57037311	ENST00000262030	1.4039e-01	0
12:57037312	ENST00000262030	2.8717e-01	0
12:57037313	ENST00000262030	8.5350e-02	0
12:57037314	ENST00000262030	2.0683e-01	0
12:57037315	ENST00000262030	1.3157e-01	0
12:57037316	ENST00000262030	1.0425e-01	0
12:57037317	ENST00000262030	1.5687e-01	1
12:57037318	ENST00000262030	1.3157e-01	0
12:57037319	ENST00000262030	4.2026e-02	0
12:57037320	ENST00000262030	1.8375e-01	0
12:57037321	ENST00000262030	2.0683e-01	0
12:57037322	ENST00000262030	6.2192e-02	1
12:57037323	ENST00000262030	8.1137e-02	0
12:57037324	ENST00000262030	5.3915e-02	0
12:57037325	ENST00000262030	1.0069e-01	0
12:57037326	ENST00000262030	1.0817e-01	0
12:57037327	ENST00000262030	2.0039e-01	0
12:57037328	ENST00000262030	2.0895e-01	0
12:57037329	ENST00000262030	3.0664e-01	0
12:57037330	ENST00000262030	3.0664e-01	1
12:57037331	ENST00000262030	4.2026e-02	0
12:57037332	ENST00000262030	1.8375e-01	0
12:57037333	ENST00000262030	1.8375e-01	0
12:57037335	ENST00000262030	1.5738e-01	0
12:57037336	ENST00000262030	1.0069e-01	0
12:57037338	ENST00000262030	1.6396e-01	0
12:57037339	ENST00000262030	2.8717e-01	0
12:57037341	ENST00000262030	2.5685e-01	0
12:57037342	ENST00000262030	1.4039e-01	0
12:57037343	ENST00000262030	1.2262e-01	0
12:57037344	ENST00000262030	1.2505e-01	0
12:57037345	ENST00000262030	1.1354e-01	0
12:57037347	ENST00000262030	2.8792e-01	0
12:57037348	ENST00000262030	2.0895e-01	0
12:57037350	ENST00000262030	1.5687e-01	0
12:57037351	ENST00000262030	2.5685e-01	0
12:57037353	ENST00000262030	2.5141e-01	0
12:57037354	ENST00000262030	1.6683e-01	0
12:57037356	ENST00000262030	2.3736e-01	0
12:57037357	ENST00000262030	2.3338e-01	0
12:57037359	ENST00000262030	3.5600e-01	0
12:57037360	ENST00000262030	2.0895e-01	0
12:57037362	ENST00000262030	3.5600e-01	0
12:57037363	ENST00000262030	2.0895e-01	0
12:57037364	ENST00000262030	5.6524e-02	0
12:57037365	ENST00000262030	1.1630e-01	0
12:57037366	ENST00000262030	1.1630e-01	0
12:57037368	ENST00000262030	1.2505e-01	0
12:57037369	ENST00000262030	2.3736e-01	0
12:57037371	ENST00000262030	2.9057e-01	0
12:57037621	ENST00000262030	2.0895e-01	0
12:57037622	ENST00000262030	3.8495e-02	0
12:57037623	ENST00000262030	2.0683e-01	0
12:57037624	ENST00000262030	2.0683e-01	0
12:57037625	ENST00000262030	5.6860e-02	0
12:57037626	ENST00000262030	1.1630e-01	0
12:57037627	ENST00000262030	1.1354e-01	0
12:57037629	ENST00000262030	2.8792e-01	1
12:57037630	ENST00000262030	2.0895e-01	0
12:57037632	ENST00000262030	3.5600e-01	0
12:57037633	ENST00000262030	2.9057e-01	0
12:57037634	ENST00000262030	8.6224e-02	0
12:57037635	ENST00000262030	1.2505e-01	0
12:57037636	ENST00000262030	1.1354e-01	0
12:57037638	ENST00000262030	2.8792e-01	0
12:57037639	ENST00000262030	2.3338e-01	0
12:57037641	ENST00000262030	2.7975e-01	0
12:57037642	ENST00000262030	1.4405e-01	0
12:57037644	ENST00000262030	2.9057e-01	0
12:57037645	ENST00000262030	2.5141e-01	0
12:57037647	ENST00000262030	2.3736e-01	0
12:57037648	ENST00000262030	2.3736e-01	0
12:57037650	ENST00000262030	1.4405e-01	0
12:57037651	ENST00000262030	8.4494e-02	0
12:57037653	ENST00000262030	1.5738e-01	0
12:57037654	ENST00000262030	1.2262e-01	0
12:57037655	ENST00000262030	7.8867e-02	0
12:57037656	ENST00000262030	1.8375e-01	0
12:57037657	ENST00000262030	2.1730e+00	0
12:57037659	ENST00000262030	1.4039e-01	0
12:57037660	ENST00000262030	2.8717e-01	0
12:57037662	ENST00000262030	1.5687e-01	0
12:57037663	ENST00000262030	3.5600e-01	0
12:57037664	ENST00000262030	8.6224e-02	0
12:57037665	ENST00000262030	1.2505e-01	0
12:57037666	ENST00000262030	1.1354e-01	0
12:57037667	ENST00000262030	4.2026e-02	0
12:57037668	ENST00000262030	1.8375e-01	0
12:57037669	ENST00000262030	2.7975e-01	0
12:57037671	ENST00000262030	3.5600e-01	0
12:57037672	ENST00000262030	2.0895e-01	0
12:57037674	ENST00000262030	2.5685e-01	0
12:57037675	ENST00000262030	1.4039e-01	0
12:57037677	ENST00000262030	1.6368e-01	0
12:57037678	ENST00000262030	3.5600e-01	0
12:57037680	ENST00000262030	1.5738e-01	0
12:57037681	ENST00000262030	1.2262e-01	0
12:57037682	ENST00000262030	2.3754e-02	0
12:57037683	ENST00000262030	2.0683e-01	0
12:57037684	ENST00000262030	2.0683e-01	0
12:57037685	ENST00000262030	5.6860e-02	0
12:57037686	ENST00000262030	1.0147e-01	0
12:57037687	ENST00000262030	2.0039e-01	0
12:57037688	ENST00000262030	8.6224e-02	0
12:57037689	ENST00000262030	1.5738e-01	0
12:57037690	ENST00000262030	9.8265e-02	0
12:57037691	ENST00000262030	8.4494e-02	0
12:57037692	ENST00000262030	1.0817e-01	0
12:57037693	ENST00000262030	1.5583e-01	0
12:57037695	ENST00000262030	1.5687e-01	0
12:57037696	ENST00000262030	2.8717e-01	0
12:57037697	ENST00000262030	6.3985e-02	0
12:57037698	ENST00000262030	2.5685e-01	0
12:57037699	ENST00000262030	1.0817e-01	0
12:57037700	ENST00000262030	2.0117e-01	1
12:57037701	ENST00000262030	3.0664e-01	0
12:57037702	ENST00000262030	2.0683e-01	0
12:57037703	ENST00000262030	5.6860e-02	0
12:57037704	ENST00000262030	1.0147e-01	0
12:57037705	ENST00000262030	2.0039e-01	0
12:57037706	ENST00000262030	2.0895e-01	0
12:57037707	ENST00000262030	3.0664e-01	0
12:57037708	ENST00000262030	3.0664e-01	0
12:57037709	ENST00000262030	8.7360e-02	0
12:57037710	ENST00000262030	1.0147e-01	0
12:57037711	ENST00000262030	1.5687e-01	0
12:57037712	ENST00000262030	1.0069e-01	0
12:57037713	ENST00000262030	1.0817e-01	0
12:57037714	ENST00000262030	1.7961e-01	0
12:57037716	ENST00000262030	2.0895e-01	0
12:57037717	ENST00000262030	2.5141e-01	1
12:57037719	ENST00000262030	2.3736e-01	0
12:57037720	ENST00000262030	2.8792e-01	0
12:57037721	ENST00000262030	8.6224e-02	0
12:57037722	ENST00000262030	1.0817e-01	0
12:57037723	ENST00000262030	1.5583e-01	1
12:57037725	ENST00000262030	2.3736e-01	1
12:57037726	ENST00000262030	2.3338e-01	0
12:57037727	ENST00000262030	8.5350e-02	0
12:57037728	ENST00000262030	3.0664e-01	0
12:57037729	ENST00000262030	2.0117e-01	0
12:57037730	ENST00000262030	2.3754e-02	0
12:57037731	ENST00000262030	2.0683e-01	0
12:57037732	ENST00000262030	3.0664e-01	0
12:57037734	ENST00000262030	2.9057e-01	1
12:57037735	ENST00000262030	2.5141e-01	0
12:57037737	ENST00000262030	2.3736e-01	0
12:57037738	ENST00000262030	2.3338e-01	0
12:57037739	ENST00000262030	5.6524e-02	0
12:57037740	ENST00000262030	1.1630e-01	0
12:57037741	ENST00000262030	2.0683e-01	0
12:57037742	ENST00000262030	7.8867e-02	0
12:57038565	ENST00000262030	1.5738e-01	0
12:57038566	ENST00000262030	1.0425e-01	0
12:57038567	ENST00000262030	5.3915e-02	0
12:57038568	ENST00000262030	1.1630e-01	0
12:57038569	ENST00000262030	1.1354e-01	0
12:57038571	ENST00000262030	3.5600e-01	0
12:57038572	ENST00000262030	1.5687e-01	0
12:57038573	ENST00000262030	5.6860e-02	0
12:57038574	ENST00000262030	1.1630e-01	0
12:57038575	ENST00000262030	1.1354e-01	0
12:57038576	ENST00000262030	4.2026e-02	0
12:57038577	ENST00000262030	1.8375e-01	0
12:57038578	ENST00000262030	3.0664e-01	0
12:57038580	ENST00000262030	2.9057e-01	1
12:57038581	ENST00000262030	2.5141e-01	1
12:57038583	ENST00000262030	3.5600e-01	1
12:57038584	ENST00000262030	2.4602e-01	0
12:57038585	ENST00000262030	4.6853e-02	0
12:57038586	ENST00000262030	2.3173e-01	1
12:57038587	ENST00000262030	7.7112e-02	0
12:57038588	ENST00000262030	5.6860e-02	0
12:57038589	ENST00000262030	1.0147e-01	0
12:57038590	ENST00000262030	1.5583e-01	0
12:57038591	ENST00000262030	8.5350e-02	0
12:57038592	ENST00000262030	1.8375e-01	0
12:57038593	ENST00000262030	2.0117e-01	0
12:57038594	ENST00000262030	3.8495e-02	0
12:57038595	ENST00000262030	2.0683e-01	0
12:57038596	ENST00000262030	2.7975e-01	0
12:57038598	ENST00000262030	2.4602e-01	1
12:57038599	ENST00000262030	3.5600e-01	0
12:57038600	ENST00000262030	5.3915e-02	0
12:57038601	ENST00000262030	1.0147e-01	0
12:57038602	ENST00000262030	1.7961e-01	0
12:57038604	ENST00000262030	2.5141e-01	0
12:57038605	ENST00000262030	1.6683e-01	0
12:57038606	ENST00000262030	3.8495e-02	0
12:57038607	ENST00000262030	2.0683e-01	0
12:57038608	ENST00000262030	3.0664e-01	0
12:57038610	ENST00000262030	1.4039e-01	0
12:57038611	ENST00000262030	2.8717e-01	1
12:57038612	ENST00000262030	8.5350e-02	0
12:57038613	ENST00000262030	2.0683e-01	0
12:57038614	ENST00000262030	1.0147e-01	0
12:57038615	ENST00000262030	2.0117e-01	0
12:57038616	ENST00000262030	3.0664e-01	0
12:57038617	ENST00000262030	3.0664e-01	0
12:57038618	ENST00000262030	4.2026e-02	0
12:57038619	ENST00000262030	1.8375e-01	0
12:57038620	ENST00000262030	2.0683e-01	0
12:57038621	ENST00000262030	4.2235e-02	0
12:57038622	ENST00000262030	2.3173e-01	0
12:57038623	ENST00000262030	1.0274e-01	0
12:57038625	ENST00000262030	2.8792e-01	0
12:57038626	ENST00000262030	2.9057e-01	0
12:57038627	ENST00000262030	7.6976e-02	1
12:57038628	ENST00000262030	1.1354e-01	0
12:57038629	ENST00000262030	5.6860e-02	0
12:57038631	ENST00000262030	2.5685e-01	0
12:57038632	ENST00000262030	1.4039e-01	0
12:57038633	ENST00000262030	1.2262e-01	0
12:57038634	ENST00000262030	1.0817e-01	0
12:57038635	ENST00000262030	1.5583e-01	0
12:57038637	ENST00000262030	2.4602e-01	0
12:57038638	ENST00000262030	2.5141e-01	0
12:57038640	ENST00000262030	3.5600e-01	0
12:57038641	ENST00000262030	2.0895e-01	0
12:57038643	ENST00000262030	1.5687e-01	0
12:57038644	ENST00000262030	2.8717e-01	0
12:57038646	ENST00000262030	2.4602e-01	0
12:57038647	ENST00000262030	2.5141e-01	1
12:57038648	ENST00000262030	2.3754e-02	0
12:57038649	ENST00000262030	2.0683e-01	0
12:57038650	ENST00000262030	2.0683e-01	0
12:57038651	ENST00000262030	5.6860e-02	0
12:57038652	ENST00000262030	1.1630e-01	0
12:57038653	ENST00000262030	1.1354e-01	0
12:57038654	ENST00000262030	4.2026e-02	0
12:57038655	ENST00000262030	1.8375e-01	0
12:57038656	ENST00000262030	2.0683e-01	1
12:57038658	ENST00000262030	2.0895e-01	0
12:57038659	ENST00000262030	3.5600e-01	0
12:57038661	ENST00000262030	2.3338e-01	0
12:57038662	ENST00000262030	2.3338e-01	0
12:57038664	ENST00000262030	3.5600e-01	0
12:57038665	ENST00000262030	2.0895e-01	0
12:57038667	ENST00000262030	2.3173e-01	1
12:57038668	ENST00000262030	1.0147e-01	0
12:57038669	ENST00000262030	5.4639e-02	0
12:57038670	ENST00000262030	1.8375e-01	0
12:57038671	ENST00000262030	2.5141e-01	0
12:57038673	ENST00000262030	1.5738e-01	0
12:57038674	ENST00000262030	1.0069e-01	0
12:57038676	ENST00000262030	1.6396e-01	0
12:57038677	ENST00000262030	2.5685e-01	0
12:57038678	ENST00000262030	4.7942e-02	0
12:57038679	ENST00000262030	1.1630e-01	0
12:57038680	ENST00000262030	8.2987e-02	0
12:57038681	ENST00000262030	1.2262e-01	0
12:57038682	ENST00000262030	1.5738e-01	0
12:57038683	ENST00000262030	7.6976e-02	0
12:57038685	ENST00000262030	2.8792e-01	0
12:57038686	ENST00000262030	2.4602e-01	0
12:57038687	ENST00000262030	4.6853e-02	0
12:57038688	ENST00000262030	2.3173e-01	0
12:57038689	ENST00000262030	1.0162e-01	0
12:57038691	ENST00000262030	1.5687e-01	0
12:57038692	ENST00000262030	3.5600e-01	0
12:57038693	ENST00000262030	7.6976e-02	0
12:57038694	ENST00000262030	1.1354e-01	0
12:57038695	ENST00000262030	4.7942e-02	0
12:57038697	ENST00000262030	2.8792e-01	1
12:57038698	ENST00000262030	2.4602e-01	0
12:57038699	ENST00000262030	4.7942e-02	0
12:57038700	ENST00000262030	1.0147e-01	0
12:57038701	ENST00000262030	1.7961e-01	1
12:57038703	ENST00000262030	2.8717e-01	0
12:57038704	ENST00000262030	1.6396e-01	0
12:57038706	ENST00000262030	3.5600e-01	1
12:57038707	ENST00000262030	2.0895e-01	0
12:57038708	ENST00000262030	8.5350e-02	0
12:57038709	ENST00000262030	1.8375e-01	0
12:57038710	ENST00000262030	2.5141e-01	0
12:57038711	ENST00000262030	2.0895e-01	0
12:57038712	ENST00000262030	3.0664e-01	0
12:57038713	ENST00000262030	2.7975e-01	0
12:57038715	ENST00000262030	2.3736e-01	0
12:57038716	ENST00000262030	2.3338e-01	0
12:57038717	ENST00000262030	3.8495e-02	0
12:57038718	ENST00000262030	2.0683e-01	0
12:57038719	ENST00000262030	2.7975e-01	0
12:57038721	ENST00000262030	2.5685e-01	0
12:57038722	ENST00000262030	1.4039e-01	0
12:57038723	ENST00000262030	1.0095e-01	0
12:57038724	ENST00000262030	2.4602e-01	0
12:57038725	ENST00000262030	9.5649e-02	0
12:57038727	ENST00000262030	1.6396e-01	0
12:57038728	ENST00000262030	2.5685e-01	0
12:57038730	ENST00000262030	2.8717e-01	0
12:57038731	ENST00000262030	1.6368e-01	0
12:57038732	ENST00000262030	9.8265e-02	0
12:57038733	ENST00000262030	2.3736e-01	1
12:57038734	ENST00000262030	1.0817e-01	0
12:57038735	ENST00000262030	1.2262e-01	0
12:57038736	ENST00000262030	1.0817e-01	0
12:57038737	ENST00000262030	1.5583e-01	0
12:57038739	ENST00000262030	3.5600e-01	1
12:57038955	ENST00000262030	2.9057e-01	0
12:57038956	ENST00000262030	7.6976e-02	0
12:57038957	ENST00000262030	1.1354e-01	0
12:57038958	ENST00000262030	5.6860e-02	0
12:57038959	ENST00000262030	5.4639e-02	0
12:57038960	ENST00000262030	3.0664e-01	0
12:57038961	ENST00000262030	2.3338e-01	0
12:57038962	ENST00000262030	8.4494e-02	0
12:57038963	ENST00000262030	1.5738e-01	0
12:57038964	ENST00000262030	7.6976e-02	0
12:57038966	ENST00000262030	2.8792e-01	0
12:57038967	ENST00000262030	2.8792e-01	0
12:57038969	ENST00000262030	1.6368e-01	0
12:57038970	ENST00000262030	3.5600e-01	0
12:57038971	ENST00000262030	8.6224e-02	0
12:57038972	ENST00000262030	1.0817e-01	0
12:57038973	ENST00000262030	2.0039e-01	0
12:57038974	ENST00000262030	7.6976e-02	0
12:57038975	ENST00000262030	1.1354e-01	0
12:57038976	ENST00000262030	5.6860e-02	0
12:57038978	ENST00000262030	1.5687e-01	0
12:57038979	ENST00000262030	3.5600e-01	0
12:57038981	ENST00000262030	1.5738e-01	0
12:57038982	ENST00000262030	1.0069e-01	0
12:57038983	ENST00000262030	5.7266e-02	0
12:57038984	ENST00000262030	2.3173e-01	1
12:57038985	ENST00000262030	1.0274e-01	0
12:57038987	ENST00000262030	3.5600e-01	0
12:57038988	ENST00000262030	1.4039e-01	0
12:57038989	ENST00000262030	1.2262e-01	0
12:57038990	ENST00000262030	1.0817e-01	0
12:57038991	ENST00000262030	2.0039e-01	0
12:57038992	ENST00000262030	1.2233e-01	0
12:57038993	ENST00000262030	2.4602e-01	1
12:57038994	ENST00000262030	1.2557e-01	0
12:57038996	ENST00000262030	2.8792e-01	1
12:57038997	ENST00000262030	2.4602e-01	0
12:57038998	ENST00000262030	4.7942e-02	0
12:57038999	ENST00000262030	1.3157e-01	0
12:57039000	ENST00000262030	9.8265e-02	0
12:57039002	ENST00000262030	1.6368e-01	0
12:57039003	ENST00000262030	2.5685e-01	0
12:57039004	ENST00000262030	4.7942e-02	0
12:57039005	ENST00000262030	1.0147e-01	0
12:57039006	ENST00000262030	2.0039e-01	0
12:57039008	ENST00000262030	1.5738e-01	0
12:57039009	ENST00000262030	8.6224e-02	1
12:57039011	ENST00000262030	2.8792e-01	0
12:57039012	ENST00000262030	2.3338e-01	0
12:57039013	ENST00000262030	8.5350e-02	0
12:57039014	ENST00000262030	2.0683e-01	0
12:57039015	ENST00000262030	1.1630e-01	0
12:57039017	ENST00000262030	1.4405e-01	0
12:57039018	ENST00000262030	1.2262e-01	1
12:57039019	ENST00000262030	2.3754e-02	0
12:57039020	ENST00000262030	2.0683e-01	0
12:57039021	ENST00000262030	2.0683e-01	0
12:57039023	ENST00000262030	2.0895e-01	0
12:57039024	ENST00000262030	3.5600e-01	0
12:57039026	ENST00000262030	2.0895e-01	0
12:57039027	ENST00000262030	3.5600e-01	0
12:57039029	ENST00000262030	1.4405e-01	0
12:57039030	ENST00000262030	1.0069e-01	0
12:57039032	ENST00000262030	2.5141e-01	1
12:57039033	ENST00000262030	2.3115e-01	0
12:57039034	ENST00000262030	8.6224e-02	0
12:57039035	ENST00000262030	1.0817e-01	0
12:57039036	ENST00000262030	1.5583e-01	0
12:57039037	ENST00000262030	8.5350e-02	0
12:57039038	ENST00000262030	1.8375e-01	2
12:57039039	ENST00000262030	2.0117e-01	0
12:57039040	ENST00000262030	5.6524e-02	0
12:57039041	ENST00000262030	1.1630e-01	0
12:57039042	ENST00000262030	1.5687e-01	0
12:57039043	ENST00000262030	1.0069e-01	0
12:57039044	ENST00000262030	1.5738e-01	0
12:57039045	ENST00000262030	7.6976e-02	0
12:57039047	ENST00000262030	1.4039e-01	0
12:57039048	ENST00000262030	7.5055e-01	0
12:57039049	ENST00000262030	2.2826e-01	0
12:57039050	ENST00000262030	1.4039e-01	0
12:57039051	ENST00000262030	2.5141e-01	0
12:57039053	ENST00000262030	1.6368e-01	0
12:57039054	ENST00000262030	3.5600e-01	0
12:57039056	ENST00000262030	1.6368e-01	0
12:57039057	ENST00000262030	2.5685e-01	0
12:57039059	ENST00000262030	2.3338e-01	0
12:57039060	ENST00000262030	5.4300e-01	0
12:57039062	ENST00000262030	2.8792e-01	0
12:57039063	ENST00000262030	2.0895e-01	0
12:57039064	ENST00000262030	3.8495e-02	0
12:57039065	ENST00000262030	2.0683e-01	0
12:57039066	ENST00000262030	3.0664e-01	1
12:57039068	ENST00000262030	1.4039e-01	0
12:57039069	ENST00000262030	3.5600e-01	0
12:57039071	ENST00000262030	5.4300e-01	0
12:57039072	ENST00000262030	2.8792e-01	0
12:57039074	ENST00000262030	1.6368e-01	0
12:57039075	ENST00000262030	7.5055e-01	1
12:57039076	ENST00000262030	1.0836e-01	0
12:57039077	ENST00000262030	1.8375e-01	0
12:57039078	ENST00000262030	3.0664e-01	1
12:57039080	ENST00000262030	2.5163e-01	0
12:57039081	ENST00000262030	5.4300e-01	1
12:57039083	ENST00000262030	2.9057e-01	0
12:57039084	ENST00000262030	6.1911e-01	0
12:57039086	ENST00000262030	3.5600e-01	0
12:57039087	ENST00000262030	1.6368e-01	0
12:57039089	ENST00000262030	2.8792e-01	0
12:57039090	ENST00000262030	2.5163e-01	1
12:57039092	ENST00000262030	2.8792e-01	0
12:57039093	ENST00000262030	5.4300e-01	0
12:57039095	ENST00000262030	2.8792e-01	1
12:57039096	ENST00000262030	2.4602e-01	0
12:57039098	ENST00000262030	2.3338e-01	0
12:57039099	ENST00000262030	2.3736e-01	1
12:57039100	ENST00000262030	4.7942e-02	0
12:57039101	ENST00000262030	1.1630e-01	0
12:57039102	ENST00000262030	9.5363e-02	0
12:57039104	ENST00000262030	2.0895e-01	0
12:57039105	ENST00000262030	2.8792e-01	0
12:57039107	ENST00000262030	4.8771e-01	0
12:57039108	ENST00000262030	1.0147e-01	0
12:57039110	ENST00000262030	2.4602e-01	0
12:57039111	ENST00000262030	2.5141e-01	0
12:57039113	ENST00000262030	2.3173e-01	2
12:57039114	ENST00000262030	1.8375e-01	0
12:57039116	ENST00000262030	2.8717e-01	0
12:57039117	ENST00000262030	1.5687e-01	0
12:57039118	ENST00000262030	5.6860e-02	0
12:57039119	ENST00000262030	1.3157e-01	0
12:57039120	ENST00000262030	9.8265e-02	0
12:57039122	ENST00000262030	5.4300e-01	0
12:57039123	ENST00000262030	2.8792e-01	0
12:57039125	ENST00000262030	5.4300e-01	0
12:57039126	ENST00000262030	2.3338e-01	0
12:57039128	ENST00000262030	2.7975e-01	1
12:57039129	ENST00000262030	1.4405e-01	0
12:57039130	ENST00000262030	1.0069e-01	0
12:57039131	ENST00000262030	1.4039e-01	0
12:57039132	ENST00000262030	2.0148e-01	0
12:57039133	ENST00000262030	1.2233e-01	0
12:57039134	ENST00000262030	2.4602e-01	0
12:57039135	ENST00000262030	1.2557e-01	0
12:57039137	ENST00000262030	1.4039e-01	0
12:57039621	ENST00000262030	2.0895e-01	0
12:57039623	ENST00000262030	2.4602e-01	0
12:57039624	ENST00000262030	2.5141e-01	2
12:57039625	ENST00000262030	7.8867e-02	0
12:57039626	ENST00000262030	3.0664e-01	0
12:57039627	ENST00000262030	2.0895e-01	0
12:57039629	ENST00000262030	1.4039e-01	1
12:57039630	ENST00000262030	3.5600e-01	1
12:57039632	ENST00000262030	5.4300e-01	2
12:57039633	ENST00000262030	2.8792e-01	0
12:57039635	ENST00000262030	2.2826e-01	0
12:57039636	ENST00000262030	1.4039e-01	0
12:57039638	ENST00000262030	2.0711e-01	0
12:57039639	ENST00000262030	2.5141e-01	1
12:57039641	ENST00000262030	2.3736e-01	0
12:57039642	ENST00000262030	3.6927e-01	1
12:57039644	ENST00000262030	2.8792e-01	0
12:57039645	ENST00000262030	1.1843e-01	0
12:57039647	ENST00000262030	6.1911e-01	0
12:57039648	ENST00000262030	7.7905e-02	0
12:57039650	ENST00000262030	1.5738e-01	0
12:57039651	ENST00000262030	1.0069e-01	0
12:57039652	ENST00000262030	4.2648e-02	1
12:57039653	ENST00000262030	8.1137e-02	0
12:57039654	ENST00000262030	4.7942e-02	0
12:57039656	ENST00000262030	1.0817e-01	1
12:57039657	ENST00000262030	8.4494e-02	0
12:57039658	ENST00000262030	8.4494e-02	0
12:57039659	ENST00000262030	1.5738e-01	0
12:57039660	ENST00000262030	8.7360e-02	0
12:57039662	ENST00000262030	2.3736e-01	2
12:57039663	ENST00000262030	2.3736e-01	1
12:57039665	ENST00000262030	2.0895e-01	1
12:57039666	ENST00000262030	2.9057e-01	0
12:57039668	ENST00000262030	2.9057e-01	1
12:57039669	ENST00000262030	2.8792e-01	1
12:57039671	ENST00000262030	1.5738e-01	1
12:57039672	ENST00000262030	8.4494e-02	0
12:57039674	ENST00000262030	4.8771e-01	1
12:57039675	ENST00000262030	1.4039e-01	1
12:57039677	ENST00000262030	5.4300e-01	2
12:57039678	ENST00000262030	2.3736e-01	0
12:57039681	ENST00000262030	1.0147e-01	0
12:57039683	ENST00000262030	2.4602e-01	1
12:57039684	ENST00000262030	2.9057e-01	0
12:57039686	ENST00000262030	1.6029e-01	1
12:57039687	ENST00000262030	1.6368e-01	0
12:57039689	ENST00000262030	2.4596e-02	0
12:57039690	ENST00000262030	2.5685e-01	0
12:57039691	ENST00000262030	5.7266e-02	0
12:57039692	ENST00000262030	2.3173e-01	0
12:57039693	ENST00000262030	6.1320e-02	0
12:57039695	ENST00000262030	6.1911e-01	1
12:57039696	ENST00000262030	3.6927e-01	0
12:57039697	ENST00000262030	9.8265e-02	0
12:57039698	ENST00000262030	1.1354e-01	0
12:57039699	ENST00000262030	4.7942e-02	0
12:57039701	ENST00000262030	2.8792e-01	1
12:57039702	ENST00000262030	2.1425e-01	0
12:57039704	ENST00000262030	2.9057e-01	0
12:57039705	ENST00000262030	6.1911e-01	1
12:57039707	ENST00000262030	2.5141e-01	0
12:57039708	ENST00000262030	1.0817e-01	1
12:57039710	ENST00000262030	2.8792e-01	1
12:57039711	ENST00000262030	2.8792e-01	0
12:57039713	ENST00000262030	6.1911e-01	1
12:57039714	ENST00000262030	2.5141e-01	0
12:57039716	ENST00000262030	8.4494e-02	0
12:57039717	ENST00000262030	2.3338e-01	1
12:57039719	ENST00000262030	2.3736e-01	0
12:57039720	ENST00000262030	3.6927e-01	0
12:57039722	ENST00000262030	2.8792e-01	1
12:57039723	ENST00000262030	2.8792e-01	0
12:57039725	ENST00000262030	1.6368e-01	1
12:57039726	ENST00000262030	3.5600e-01	1
12:57039728	ENST00000262030	6.1350e-01	0
12:57039729	ENST00000262030	4.8329e-01	0
12:57039731	ENST00000262030	3.5278e-01	0
12:57039732	ENST00000262030	2.8794e-01	1
12:57039734	ENST00000262030	1.6130e-01	0
12:57039735	ENST00000262030	2.8300e-01	1
12:57039736	ENST00000262030	5.5386e-02	0
12:57039737	ENST00000262030	1.1396e-01	1
12:57039738	ENST00000262030	1.5371e-01	1
12:57039740	ENST00000262030	2.8472e-01	0
12:57039741	ENST00000262030	2.8304e-01	2
12:57039742	ENST00000262030	7.4982e-02	1
12:57039743	ENST00000262030	1.0993e-01	0
12:57039744	ENST00000262030	5.2519e-02	0
