index	x	y	z	gamma	exp	obs
1	-3.512	-33.674	-14.723	0.766104612759366	0.551830602216014	0
2	-1.39	-34.119	-11.579	0.286887456754136	0.548329042845015	0
3	1.629	-36.312	-11.147	0.535520122980144	0.621958827151684	2
4	4.865	-35.872	-9.157	0.688980833201644	0.579142618840803	1
5	7.371	-38.625	-8.349	0.442748030955693	0.575409648159571	0
6	9.998	-38.351	-5.578	0.539990225251733	0.648936645878144	1
7	13.438	-39.617	-4.377	0.266666237050388	0.483647302287001	0
8	16.001	-38.96	-2.631	0.697526734393731	0.561597096592251	1
9	19.22	-37.284	-1.169	0.387966187928102	0.554433776083898	1
10	20.958	-35.843	1.308	0.067819684153219	0.620692365123957	1
11	23.492	-34.267	2.418	0.152982036117474	0.657651441456109	0
12	25.769	-31.333	3.233	0.457629162520958	0.525028427701619	1
13	27.386	-27.996	2.604	0.721268443793236	0.506859989656109	1
14	28.598	-25.193	2.717	0.781845994831604	0.566005820781956	0
15	28.482	-21.461	1.505	0.83560261648526	0.579149094148892	0
16	26.694	-19.124	-1.002	0.617385140617016	0.56110997011674	1
17	23.83	-16.635	-0.224	0.232559553522093	0.531996998445054	0
18	21.81	-16.831	-3.5	0.125523864597493	0.614493779459468	0
19	19.612	-13.703	-3.37	0.0999583803530494	0.483363441578669	0
20	16.681	-14.549	-5.742	0.0840530688860541	0.555385489179874	0
21	17.628	-11.843	-8.295	0.201932287519414	0.680733702919873	1
22	14.859	-11.949	-10.953	0.1818355640097	0.557353885660988	1
23	17.312	-12.518	-13.82	0.0780067451207955	0.55612964536734	0
24	16.212	-10.61	-16.896	0.241423563368101	0.474668681123338	1
25	17.849	-13.092	-19.328	0.132387504605323	0.546344154237278	1
26	21.344	-12.013	-20.38	0.408857575431098	0.500749801686525	0
27	21.546	-12.272	-24.126	0.347002151378166	0.575856464671525	0
28	25.326	-11.899	-24.125	0.418194874434094	0.592252100714519	1
29	26.881	-11.852	-27.667	0.272463931263306	0.592777558219712	0
30	28.482	-15.347	-27.426	0.633639313407827	0.636567072750168	0
31	29.044	-17.631	-30.465	0.500000946605067	0.524587228314439	2
32	26.001	-19.765	-31.564	0.591861662199313	0.6219291477535	1
33	26.454	-23.488	-30.666	0.309194186154599	0.569416023109976	0
34	23.832	-26.304	-30.3	0.650762992017316	0.650718893665119	1
35	20.375	-26.655	-31.372	0.682250163337227	0.601368582385622	0
36	17.237	-26.947	-29.299	0.281673742134203	0.600729953848729	0
37	13.587	-25.993	-28.701	0.272056130718961	0.512233961655745	1
38	11.554	-23.413	-30.662	0.327986002972151	0.510402394865407	0
39	11.068	-24.291	-34.4	0.593737634068886	0.589697999902396	0
40	10.205	-28.058	-34.41	0.34848815333605	0.503391665293035	0
41	6.341	-27.931	-34.703	0.246423954171696	0.566552287479339	0
42	5.731	-26.806	-38.384	0.29579340005854	0.511609566756569	0
43	8.3	-28.724	-40.577	0.309070480794272	0.535924946846126	0
44	8.622	-32.526	-40.146	0.416424198999904	0.488971964276774	0
45	7.444	-34.933	-42.883	0.533005586090253	0.528549979405769	1
46	8.849	-35.211	-46.396	0.560393930102842	0.589014132091983	0
47	9.952	-38.674	-47.565	0.688282410496017	0.650440428958893	0
48	10.593	-38.841	-51.358	0.629944762113418	0.502509055027757	0
49	9.524	-40.587	-54.564	0.779187479444227	0.530942486230971	0
50	7.109	-40.567	-57.602	0.200262396448875	0.534861226207451	0
51	6.182	-39.087	-60.112	0.184279225700837	0.539876320290761	0
52	3.752	-37.342	-62.545	0.148298511285421	0.47498243911013	0
53	3.896	-35.188	-65.167	0.373705207975334	0.470820073736301	1
54	1.622	-32.509	-66.744	0.244087009440673	0.476776249718086	0
55	2.098	-28.721	-66.53	0.360364239840747	0.588793736687878	0
56	0.396	-25.421	-67.604	0.087441005288541	0.632221109761491	0
57	-2.283	-23.325	-66.302	0.160456242399899	0.478778034034247	0
58	-5.52	-21.452	-65.644	0.337577924268493	0.516842918800944	0
59	-6.265	-18.022	-64.226	0.485394583617066	0.546366439843922	0
60	-9.512	-18.472	-62.203	0.42595270408601	0.573121529875581	0
61	-11.105	-16.165	-59.621	0.875724060868713	0.614469879913374	0
62	-10.48	-16.787	-55.923	0.589542607488642	0.551931790226802	0
63	-12.607	-13.832	-54.706	0.831079827993056	0.579773908168789	1
64	-10.755	-12.337	-51.686	0.649457761425924	0.540060460792419	0
65	-13.777	-12.456	-49.328	0.949516512228726	0.487759171293098	1
66	-13.821	-9.113	-47.438	0.907552021218464	0.663717537894477	1
67	-13.38	-10.263	-43.774	0.760829564087029	0.500320530981425	0
68	-17.032	-10.41	-42.676	0.980138222584271	0.55182328098225	0
69	-17.772	-6.808	-41.521	0.898932026510563	0.566807989065555	0
70	-19.668	-8.098	-38.397	0.95847582170845	0.475267051815022	0
71	-16.309	-9.429	-36.961	0.891084122668691	0.556300949177718	2
72	-14.649	-5.953	-37.151	0.8474401026962	0.60403051905984	0
73	-17.687	-4.195	-35.581	0.804939784578718	0.515869924278249	0
74	-17.935	-6.971	-32.902	0.803916632622913	0.559010474417061	0
75	-14.246	-6.423	-31.877	0.253509314374408	0.574666652769177	0
76	-14.628	-2.586	-31.896	0.279529335944869	0.612339083953768	0
77	-17.802	-2.768	-29.713	0.345623537606118	0.458819395911337	0
78	-16.205	-5.427	-27.432	0.32149190664658	0.504736067363291	0
79	-13.089	-3.198	-26.911	0.0936279008156857	0.5732933259489	0
80	-15.256	-0.031	-26.474	0.301580075156317	0.520862075031205	0
81	-17.437	-1.678	-23.761	0.114130835133946	0.535652654897628	0
82	-14.324	-3.194	-22.081	0.0196375398867995	0.537910919947239	0
83	-12.708	0.294	-21.891	0.267043246574567	0.6116817642805	1
84	-15.941	2.094	-20.72	0.272105514324022	0.546724994574641	2
85	-16.292	-0.578	-17.976	0.172664667693765	0.52125369944096	1
86	-12.672	-1.51	-16.903	0.0406413612647262	0.607115414787389	0
87	-10.835	1.746	-17.946	0.254330759877272	0.519571102857091	0
88	-13.276	4.717	-17.445	0.258313380302581	0.636872171873304	1
89	-12.088	7.877	-19.265	0.157701750570154	0.504247118573726	0
90	-14.137	11.019	-20.029	0.103513902096544	0.475027236670504	0
91	-17.905	10.354	-20.46	0.169357999067825	0.49880478923289	1
92	-17.514	6.745	-19.133	0.110235664530049	0.547218558563675	0
93	-17.528	8.245	-15.56	0.0573326561775733	0.55826739289831	0
94	-21.283	9.083	-15.986	0.123425155371588	0.561525072134571	0
95	-22.121	5.331	-16.163	0.246334715751933	0.567266155857868	0
96	-20.128	4.513	-12.974	0.0908607945248752	0.475445382599091	0
97	-21.694	7.582	-11.237	0.0216973398074962	0.681640194548178	0
98	-25.268	6.343	-12.025	0.151975944310671	0.631290150802075	0
99	-24.317	2.795	-10.837	0.151492674274993	0.51861357447664	0
100	-22.825	4.35	-7.642	0.00967089371683678	0.572762560188343	0
101	-26.013	6.447	-7.03	0.0506686113791621	0.652786256636417	0
102	-28.161	3.284	-7.58	0.446433973488066	0.593215314973171	0
103	-26.096	1.386	-4.902	0.260113222467335	0.64046324194006	0
104	-26.085	4.427	-2.576	0.0817951864511294	0.604273793106153	0
105	-29.913	4.81	-2.866	0.0822403925958309	0.530747428669921	0
106	-30.278	1.059	-2.058	0.353679426724383	0.570442122957218	1
107	-27.993	1.476	1.044	0.345209791023069	0.535891571405501	0
108	-29.887	4.647	2.188	0.44339209052012	0.592896401110922	0
109	-33.272	2.835	1.827	0.167725411534289	0.531261340735511	1
110	-31.794	-0.1	3.832	0.129037688981472	0.62365354862905	1
111	-31.113	2.444	6.667	0.269774826198199	0.550858194351765	0
112	-34.673	3.881	6.357	0.547786443996187	0.563609983002	1
113	-35.895	0.219	6.643	0.49536063536018	0.588625540813702	0
114	-34.521	0.117	10.275	0.393360066736835	0.573886554660969	2
115	-36.753	3.109	11.293	0.130321390354412	0.566208220941127	0
116	-40.169	1.719	12.471	0.347740060979619	0.555386610435191	0
117	-42.056	4.808	11.191	0.324625777362999	0.561169668794265	0
118	-40.772	4.187	7.596	0.320899127084251	0.611124236488067	0
119	-40.152	0.35	7.577	0.348034258359325	0.620114613949895	0
120	-43.265	-0.733	5.538	0.146530392703341	0.557858953156381	1
121	-42.737	1.914	2.784	0.172623579215508	0.492522726991556	0
122	-38.923	1.511	2.713	0.269365122653066	0.526454521091728	0
123	-39.126	-2.336	2.466	0.163438794865008	0.615617019322362	0
124	-41.499	-2.057	-0.565	0.177583734521581	0.513902553267484	1
125	-39.161	0.47	-2.274	0.0958044639915653	0.466218027544975	0
126	-36.064	-1.617	-1.291	0.193622886172025	0.60631178260817	0
127	-37.598	-4.824	-2.804	0.129335384770891	0.525757456595923	0
128	-38.155	-2.977	-6.147	0.0253545726620761	0.520391870347035	0
129	-34.578	-1.552	-6.066	0.341023887041319	0.511081688132919	0
130	-33.15	-5.001	-5.038	0.359033345641685	0.6154396457192	1
131	-34.662	-6.552	-8.235	0.56097303140543	0.631362799686084	1
132	-33.393	-3.587	-10.359	0.51804795271212	0.632821356613059	0
133	-29.856	-3.81	-8.8	0.407548808944938	0.597225320769681	0
134	-29.714	-7.634	-9.366	0.690113261867921	0.537920918509818	1
135	-30.772	-7.211	-13.054	0.8538454800038	0.518373702165192	0
136	-28.363	-4.247	-13.658	0.497756123544925	0.558437757301588	1
137	-25.429	-6.054	-11.954	0.554118044948358	0.611304710637882	1
138	-26.096	-9.455	-13.594	0.886742078985256	0.534190371313709	1
139	-26.208	-7.729	-17.025	0.862132994733553	0.546213490758693	2
140	-23.017	-5.704	-16.239	0.326070193264535	0.593138892543856	0
141	-21.22	-8.897	-15.007	0.490271676260357	0.60429475720221	0
142	-22.132	-10.876	-18.181	0.67077024311403	0.590882245703384	0
143	-21.319	-7.871	-20.472	0.257567612299554	0.585017100128955	0
144	-17.928	-7.41	-18.655	0.12444905493166	0.506019201398669	0
145	-16.947	-11.136	-19.048	0.420473046612993	0.651158379980334	2
146	-18.133	-10.992	-22.685	0.256650027064899	0.54884794648399	0
147	-16.176	-7.717	-23.276	0.315607010108895	0.510017711250142	0
148	-12.938	-8.997	-21.566	0.349597647858073	0.508175478435794	0
149	-12.549	-11.347	-24.602	0.360845099531659	0.642712645050531	0
150	-11.228	-8.328	-26.644	0.387091880416808	0.569530839377887	0
151	-7.87	-8.7	-24.801	0.416900892537636	0.672694706510364	2
152	-5.61	-11.424	-26.319	0.565439324711706	0.554793856571782	0
153	-4.757	-12.634	-22.709	0.525450405443865	0.650320748736389	0
154	-8.467	-13.586	-22.054	0.394443546105557	0.600125621175805	0
155	-9.607	-14.991	-25.478	0.361367065924026	0.477330617579468	0
156	-11.753	-18.206	-25.458	0.566670221103481	0.51620067937796	0
157	-13.432	-19.997	-22.473	0.795552373729316	0.620552814435493	1
158	-10.089	-20.778	-20.674	0.858705389581908	0.485833148242482	0
159	-9.258	-17.028	-21.05	0.810759552524901	0.538181147205987	1
160	-12.69	-15.782	-19.768	0.730179485128146	0.528965360567581	0
161	-12.511	-18.194	-16.762	0.973509792807181	0.494710999588157	1
162	-9.007	-16.742	-16.001	0.811363345204293	0.538677722362559	0
163	-10.645	-13.247	-15.96	0.690581174605604	0.613742513909661	0
164	-13.565	-14.434	-13.724	0.878667081562133	0.626943103553257	0
165	-10.943	-15.662	-11.139	0.823647815247751	0.528707521241636	0
166	-9.831	-12	-10.457	0.406593167188468	0.564738874299687	1
167	-10.705	-11.165	-6.755	0.0817630806782721	0.544403693145816	0
168	-13.062	-8.222	-7.602	0.488524974071831	0.644430058874888	0
169	-14.804	-10.489	-10.192	0.546467261619408	0.554039253221234	1
170	-15.234	-13.235	-7.493	0.790857126926851	0.615125259778141	0
171	-16.677	-10.681	-4.974	0.428114142215691	0.529844843201286	0
172	-19.027	-9.432	-7.77	0.791303648161133	0.578191848243048	1
173	-20.499	-12.924	-8.491	0.948724101056877	0.550722542840604	1
174	-20.543	-13.867	-4.75	0.79560922217279	0.524496624666907	2
175	-22.619	-10.721	-3.946	0.903934651264508	0.556105546825462	1
176	-24.841	-11.346	-7.039	0.908461371791659	0.600820192851219	3
177	-25.487	-15.031	-6.035	0.896200938438458	0.519624926866472	1
178	-26.169	-14	-2.395	0.55288231083687	0.563411039086942	0
179	-28.613	-11.274	-3.638	0.744924471275413	0.586698483132765	0
180	-30.455	-13.831	-5.866	0.710140559481841	0.578188448850508	0
181	-30.594	-16.377	-2.976	0.8551586289558	0.574379129981605	0
182	-31.992	-13.553	-0.74	0.522921363776491	0.680257961840539	0
183	-34.729	-12.704	-3.293	0.548904353913791	0.453962349430685	0
184	-35.568	-16.417	-3.938	0.662185271052177	0.558296937627498	0
185	-35.885	-17.354	-0.217	0.0616978962548697	0.524673483926644	0
186	-38.092	-14.243	0.386	0.0943085298972771	0.613915680318556	0
187	-40.65	-15.257	-2.309	0.0769676873155765	0.565173018525314	0
188	-41.461	-18.575	-0.502	0.0523138624699682	0.444575252017166	0
189	-43.039	-16.794	2.561	0.0645297742266798	0.616104355870423	0
190	-40.8	-18.846	4.949	0.0654709401805522	0.539864533617626	0
191	-40.9	-16.611	8.097	0.244275519722058	0.637251183347924	2
192	-37.459	-17.961	9.214	0.612440680367706	0.589043239593192	0
193	-36.049	-16.8	5.858	0.121262567379829	0.480746722923867	0
194	-37.683	-13.304	6.308	0.231050376994838	0.556868071210155	0
195	-35.695	-12.692	9.571	0.43264608838203	0.490009673365546	1
196	-32.334	-13.873	8.069	0.123087062645536	0.454668576837854	0
197	-33.144	-11.857	4.878	0.306120013771346	0.5772420238264	1
198	-33.427	-8.637	6.985	0.0945533222704389	0.517366946523329	0
199	-29.81	-9.197	8.253	0.494976659056431	0.557453547807223	1
200	-28.62	-10.156	4.71	0.400487090623832	0.55234402583762	0
201	-29.404	-6.456	3.828	0.23605890813217	0.482187193184254	0
202	-25.91	-5.812	5.333	0.262529399986884	0.494994438391925	0
203	-24.524	-7.653	2.213	0.496726937872958	0.597331939193835	0
204	-25.708	-4.561	0.228	0.831305707367029	0.500824335999688	0
205	-22.629	-2.812	1.813	0.571490858262513	0.556884525414087	1
206	-20.464	-5.382	-0.11	0.459584667384675	0.643137098361976	1
207	-21.996	-3.899	-3.356	0.661959213003941	0.593992210396507	0
208	-20.119	-0.634	-2.495	0.328366330813208	0.632883629636842	0
209	-16.717	-2.504	-2.444	0.110065690402763	0.520398931338428	0
210	-17.329	-3.353	-6.2	0.064772427148434	0.580219738272501	1
211	-16.673	0.349	-7.129	0.0432776197111601	0.726097282291632	0
212	-12.911	-0.235	-6.492	0.0237130951623611	0.56046661936601	0
213	-12.799	-2.264	-9.805	0.0676495458571291	0.553859463718673	0
214	-8.945	-2.19	-10.307	0.0482317752695963	0.504431200450917	0
215	-7.966	-2.192	-6.585	0.0844136403336848	0.528601086109989	0
216	-6.3	1.18	-7.388	0.173158771325081	0.537794552269135	0
217	-7.042	2.718	-3.949	0.0208137170701336	0.472735161088339	0
218	-5.962	-0.5	-2.134	0.122008956217392	0.479715737261927	0
219	-2.645	-0.709	-4.111	0.216310641761208	0.587910014812497	0
220	-1.96	3.028	-3.555	0.0188621135476901	0.576807388380176	0
221	-2.684	2.744	0.227	0.0538039047462598	0.555055391892	0
222	-0.939	-0.653	0.721	0.252865599403739	0.522059270405622	0
223	2.214	0.699	-1.027	0.245937439555346	0.563637869406726	0
224	2.281	3.843	1.257	0.121969121252911	0.525828985148633	0
225	1.643	1.66	4.381	0.473901803166967	0.521501415699214	0
226	4.441	-0.703	3.184	0.142013968258202	0.645696979731557	0
227	6.913	2.197	2.567	0.533323679231819	0.543883624621575	0
228	6.264	3.757	6.037	0.171635292035051	0.591022191643177	0
229	5.818	0.298	7.691	0.122775880244117	0.549175093196795	0
230	8.687	0.735	10.238	0.530676947060381	0.49985217322857	0
231	7.457	4.238	11.271	0.585608769853148	0.631962960037322	0
232	3.788	3.138	11.63	0.49636487767099	0.534044521728905	1
233	4.74	-0.017	13.656	0.34720526687456	0.573832954077103	0
234	6.92	2.138	16.005	0.470847063031852	0.468406123190219	0
235	4.06	4.676	16.471	0.510286458990061	0.523457285148209	1
236	1.527	1.851	17.185	0.172254423349026	0.561191018287505	0
237	3.962	0.051	19.569	0.177876647128322	0.524423288571877	0
238	4.737	3.182	21.678	0.138459978781566	0.588621194720451	0
239	1.053	4.319	21.581	0.354447743909392	0.544144706700619	0
240	-0.132	0.848	22.75	0.302085363593359	0.672364113255075	0
241	2.541	0.682	25.523	0.492453093838372	0.579841767832589	0
242	1.4	4.192	26.623	0.603533502396504	0.601328136477396	0
243	-2.298	3.034	26.594	0.439814110259032	0.57914756762803	0
244	-1.571	-0.061	28.786	0.308266145696816	0.463523613981593	1
245	0.587	1.942	31.272	0.283180100752811	0.520873223616736	0
246	-1.783	4.974	31.496	0.444447175775265	0.574379452698331	0
247	-4.89	2.761	31.969	0.17569683867623	0.558729947456919	1
248	-3.125	0.696	34.694	0.338207312609213	0.578243636196176	0
249	-1.808	3.723	36.668	0.195728505628787	0.692746063680532	0
250	-5.204	5.554	36.54	0.0636506155296652	0.653619674446941	0
251	-6.935	2.248	37.523	0.0715958596622487	0.555349208572589	0
252	-4.684	2.013	40.637	0.0493114101863476	0.564881638435563	0
253	-5.289	5.738	41.471	0.0826477181176731	0.592285600516543	0
254	-9.151	5.637	41.154	0.153278004920094	0.641217824739284	1
255	-9.848	2.094	42.539	0.301106116189734	0.582350288774824	0
256	-12.16	2.29	45.598	0.336752815382795	0.632205835292308	0
257	-12.833	6.078	45.239	0.407154101241546	0.517088478964747	1
258	-14.694	5.946	41.873	0.287316460261746	0.56719845251642	0
259	-17.327	3.44	40.546	0.199434383751	0.583568727349658	0
260	-16.243	4.4	36.973	0.0738074867849582	0.550851611841782	0
261	-13.024	2.273	37.5	0.194651768765091	0.506873647024522	0
262	-14.068	-1.004	39.279	0.17884089715488	0.600077228381078	0
263	-12.385	-3.201	36.573	0.194467752862572	0.58726831130488	0
264	-9.171	-2.844	34.53	0.114771148630025	0.53212546176776	0
265	-11.426	-3.212	31.415	0.13082400143359	0.589563616321863	0
266	-13.23	0.057	32.393	0.166601863727045	0.51297289003811	0
267	-9.813	1.757	32.692	0.0990437989264685	0.479342719572136	0
268	-8.749	0.385	29.24	0.200601321091651	0.46312091904703	0
269	-12.04	1.688	27.714	0.527227573403185	0.52294788044296	0
270	-11.483	5.133	29.319	0.294732175676903	0.605569430730487	0
271	-7.784	5.101	28.247	0.167885233285155	0.621504213314014	0
272	-8.674	4.242	24.613	0.722395224405207	0.58969305368888	0
273	-11.471	6.904	24.365	0.667927651112104	0.510757362331993	0
274	-9.097	9.505	25.948	0.402302944142327	0.484545590072735	1
275	-5.97	8.714	23.826	0.346415172360344	0.588003186879874	1
276	-8.06	8.674	20.572	0.901426257808293	0.624352858667958	0
277	-9.475	12.133	21.656	0.484949541089273	0.549615419477535	0
278	-13.12	10.867	21.454	0.536824656645434	0.480642382624087	0
279	-13.819	11.989	25.06	0.231166679300817	0.527587196915018	0
280	-17.408	10.669	25.654	0.19164983648286	0.633956263646396	0
281	-17.318	11.777	29.368	0.195333591551356	0.552837943011739	0
282	-18.959	8.458	30.512	0.0257223373807969	0.627047200613721	0
283	-15.849	7.749	32.679	0.144072623472922	0.569028257823555	0
284	-13.373	10.271	34.155	0.244905178227134	0.567189561756608	1
285	-10.861	10.369	37.07	0.087551898651343	0.487334958983292	0
286	-12.35	11.972	40.213	0.174447936993675	0.614626848036441	0
287	-9.195	11.848	42.415	0.116285159484348	0.589049102997706	0
288	-6.491	14.547	42.1	0.018455109693651	0.595350399283119	0
289	-3.869	11.767	41.631	0.0280244104978834	0.531047683231017	0
290	-5.815	10.007	38.81	0.0652054357184607	0.555392910070568	0
291	-6.4	13.459	37.162	0.0303370794844735	0.455049864320195	0
292	-2.648	14.334	37.321	0.0139291818996244	0.54797820799329	0
293	-1.717	10.893	35.863	0.0823904368795756	0.556864269990471	0
294	-4.441	11.202	33.167	0.161792065389927	0.544178548175197	0
295	-3.33	14.751	32.15	0.245579099314371	0.497492555739717	0
296	0.366	13.665	31.922	0.395478438792217	0.552959141402939	0
297	-0.379	10.477	29.912	0.505003839370726	0.627096862924701	0
298	-2.929	12.245	27.604	0.48844481326891	0.599620371336795	0
299	-0.301	14.794	26.376	0.375155214880263	0.440843829966695	0
300	2.112	11.909	25.544	0.54607446074346	0.583781265779376	0
301	-0.343	9.257	24.239	0.466237445534316	0.49774551498628	0
302	-2.553	11.525	22.018	0.396890697575398	0.538162497791557	1
303	0.657	12.577	20.192	0.565863346955819	0.598726785054892	0
304	1.529	8.896	19.397	0.441790774948975	0.539576082912517	0
305	-2.097	8.059	18.361	0.645924663767126	0.611205218073638	0
306	-2.048	11.07	15.93	0.650316526127762	0.498349228847284	0
307	1.319	10.087	14.252	0.558017518032026	0.519614618487821	1
308	-0.121	7.372	11.842	0.724815851664591	0.567704888310017	0
309	-2.46	9.981	10.245	0.677788646435586	0.567058544197444	0
310	0.465	12.443	9.74	0.539204300024164	0.396087825584428	1
311	2.827	9.695	8.388	0.51330877999252	0.612124691106099	0
312	0.204	8.407	5.891	0.274473652159916	0.559006921633832	0
313	-0.745	12.017	4.892	0.480771528694081	0.601371296160327	1
314	2.903	12.984	4.126	0.624093044366795	0.529272674562465	0
315	3.502	9.563	2.446	0.242789731120511	0.573887609389628	0
316	0.515	10.258	0.11	0.397652939750866	0.644017905796811	0
317	1.703	13.864	-0.6	0.702242871034211	0.524329619180572	0
318	5.304	12.75	-1.452	0.363496865520932	0.52209692748397	0
319	3.878	9.938	-3.665	0.646057650828325	0.586689205195706	1
320	1.618	12.404	-5.588	0.753029581647674	0.541396149877664	0
321	4.649	14.762	-5.989	0.887795531401584	0.54480767248362	1
322	6.804	11.83	-7.256	0.675754859300338	0.538063737490502	1
323	3.905	10.803	-9.615	0.745641347923739	0.568681487299117	1
324	4.042	14.436	-10.894	0.965289461530684	0.518659993039762	0
325	7.849	14.034	-11.501	0.928168224224007	0.618975362366954	2
326	6.993	10.678	-13.198	0.623677875193693	0.552761657100649	0
327	5.14	12.652	-15.974	0.700712808458593	0.588634258458184	0
328	8.711	12.723	-17.407	0.610232620062218	0.62798971678276	0
329	8.027	8.984	-18.249	0.381517938904959	0.559013637187138	0
330	6.329	10.294	-21.472	0.157321285384621	0.513424114693854	0
331	9.95	10.997	-22.674	0.452235249287047	0.590179319683646	0
332	10.728	7.2	-22.176	0.231700743403586	0.468773337375944	0
333	8.209	6.277	-24.973	0.492505351047239	0.540639926443158	0
334	10.795	7.29	-27.636	0.475454832415151	0.552340754715237	0
335	13.67	5.026	-26.285	0.243403003175952	0.47608966619448	0
336	11.098	2.174	-25.923	0.443266298438194	0.482869860115259	0
337	9.949	2.564	-29.579	0.444936249551448	0.531165608976881	0
338	13.659	2.671	-30.659	0.432261522666377	0.553605645533025	0
339	14.344	-0.631	-28.801	0.35878552930362	0.492781819964139	0
340	11.32	-2.379	-30.457	0.193385650095423	0.619938176149036	0
341	12.42	-1.147	-33.94	0.181876466518794	0.585853685734426	0
342	16.078	-2.253	-33.444	0.453849728706961	0.592897826943124	0
343	15.026	-5.664	-31.991	0.44863242400875	0.582299831501074	0
344	12.782	-6.21	-35.079	0.366958580785451	0.487503936231531	0
345	15.648	-5.215	-37.48	0.377306214087795	0.629127193748625	0
346	17.996	-7.649	-35.646	0.307851619484699	0.553076076985451	0
347	15.355	-10.459	-35.971	0.193517366017373	0.496116468899972	0
348	14.96	-9.577	-39.709	0.254166119250673	0.475147690480651	0
349	18.781	-9.892	-40.333	0.484754337076564	0.468113521624174	0
350	18.778	-13.638	-39.466	0.471499856821979	0.505325385353362	0
351	20.359	-15.412	-42.496	0.267531164207876	0.546996413680008	0
352	18.071	-18.517	-42.097	0.279284237297856	0.51862293611084	1
353	14.97	-16.348	-42.987	0.349226451016084	0.523867732224805	0
354	15.263	-15.155	-46.616	0.468508125558162	0.610496481164314	0
355	11.492	-14.265	-46.362	0.700509741218731	0.584921293699272	0
356	12.306	-10.966	-44.488	0.6405070923772	0.535011358446822	1
357	13.635	-9.188	-47.669	0.60760141709108	0.62431930150953	0
358	12.078	-5.798	-46.559	0.293895933994878	0.581336882851253	0
359	15.07	-5.175	-44.183	0.346423770674597	0.522949855676432	0
360	17.654	-6.305	-46.789	0.403872032370925	0.566349857513769	0
361	16.009	-3.992	-49.427	0.0497652702560824	0.597708904636264	0
362	16.574	-1.039	-47.041	0.44282909209286	0.604294868611647	0
363	20.32	-1.89	-46.776	0.501155120573676	0.657826045529324	0
364	20.676	-2.754	-50.532	0.188422139622282	0.57275178094418	0
365	19.122	0.651	-51.494	0.449433283724013	0.574437406781624	0
366	21.386	2.422	-48.914	0.907067392916977	0.618082480565235	0
367	24.554	0.696	-50.343	0.468603766979687	0.58273285704396	1
368	23.609	0.972	-54.106	0.313189233102287	0.456808716463836	0
369	23.956	4.824	-54.018	0.480764344556727	0.511430295110133	0
370	27.451	5.765	-55.316	0.644537650509698	0.588664645354904	0
371	29.116	8.744	-53.52	0.82364001566799	0.504184414743217	0
372	29.135	10.675	-56.88	0.715619132494811	0.532339352477397	0
373	27.067	13.874	-56.292	0.580527046581425	0.514888772410016	0
374	29.323	16.583	-54.719	0.92252184594022	0.502467402013329	0
375	29.712	19.222	-57.513	0.839565328585411	0.57978999287016	0
376	26.498	21.168	-58.161	0.813781753306768	0.660089622329881	0
377	24.506	23.806	-56.235	0.593256875849878	0.662623192734223	0
378	21.591	24.655	-55.068	0.636966371928577	0.506809225002839	0
379	18.408	24.492	-52.802	0.41739088446399	0.609997494115871	0
380	16.465	21.798	-50.834	0.381258583728349	0.607745421375343	1
381	16.933	20.583	-47.22	0.195136028775388	0.637519913957411	0
382	17.29	17.117	-45.7	0.0533510423039016	0.575788277366287	0
383	19.298	15.71	-42.756	0.0996294884803084	0.552426699511666	0
384	22.043	13.374	-41.651	0.258378350805553	0.605212344287489	0
385	24.504	10.963	-42.074	0.313371487605141	0.554196070311378	0
386	28.18	11.287	-43.328	0.534436359884748	0.54312574754848	1
387	30.437	8.181	-43.795	0.552381182655647	0.545522223096326	0
388	34.017	7.962	-42.391	0.578097619959332	0.614789039634404	0
389	36.664	10.221	-43.75	0.752760608104726	0.628285850315929	1
390	37.481	13.158	-41.379	0.786932821589693	0.577953794642205	1
391	41.019	14.575	-42.115	0.927508109140129	0.664815615847713	1
392	40.437	16.553	-45.401	0.899809422342488	0.542148425004833	1
393	37.319	18.652	-44.577	0.734631844815457	0.637404332169534	1
394	38.786	20.09	-41.299	0.863597697969919	0.4687748175802	1
395	41.588	21.905	-43.254	0.680247890961815	0.547415414783571	0
396	39.264	23.818	-45.653	0.866789275096274	0.471440688253126	1
397	36.649	24.969	-43.029	0.865817813332338	0.531426056633512	1
398	39.179	26.948	-40.812	0.747430013983702	0.521127838540739	0
399	39.329	29.948	-43.275	0.67496851658594	0.53098489281314	0
400	35.618	31.089	-43.221	0.623455422328539	0.576194899234909	0
401	34.236	31.788	-39.674	0.916909785200418	0.527091946439024	0
402	35.16	35.329	-38.533	0.924748815186182	0.608012694252598	1
403	31.972	37.383	-37.894	0.958377669768424	0.664119618378884	0
404	30.061	38.272	-34.709	0.971720783196414	0.55314419303014	0
405	27.018	36.871	-32.865	0.875197236448044	0.695470679355769	0
406	25.659	40.178	-31.573	0.962675941641536	0.683854003546102	0
407	21.861	39.742	-31.37	0.885952996643775	0.537350598802833	0
408	20.421	43.24	-31.168	0.847537955176242	0.574663555028637	0
409	16.545	43.289	-31.371	0.728925761702475	0.608857137429412	1
410	14.718	44.728	-34.455	0.924374233580073	0.517268787058184	1
411	13.253	48.271	-33.9	0.927455307513678	0.584135332136798	1
412	9.486	48.937	-34.225	0.624841857838728	0.640438075986079	0
413	8.092	50.989	-37.169	0.518927538079919	0.530819814419735	0
414	6.258	53.942	-35.497	0.539740216282533	0.535981319081324	0
415	2.832	54.787	-37.101	0.732002333392765	0.561957351789275	0
416	2.019	57.483	-39.745	0.809300826390128	0.554796483084761	0
417	-1.276	58.213	-41.532	0.661672568675235	0.61962517470437	0
418	-1.894	57.126	-45.236	0.585723109329498	0.497739540226003	0
419	-5.717	56.81	-46.18	0.755051163957358	0.561548962464318	0
420	-7.614	54.112	-48.299	0.24493825299318	0.573532441237429	0
421	-9.064	52.894	-51.683	0.195898199784837	0.507795293716706	0
422	-11.35	50.427	-52.52	0.265811670073478	0.583791338158727	1
423	-11.782	47.735	-55.246	0.379375863545511	0.56710646324937	1
424	-12.4	43.881	-55.341	0.372425617555433	0.537791258151793	1
425	-12.644	41.345	-58.27	0.558690839632013	0.605834978158676	0
426	-12.44	37.675	-59.428	0.625273167472593	0.560949113362433	1
427	-11.353	34.667	-59.548	0.764963717847986	0.594532799867343	0
428	-11.6	30.985	-60.819	0.564239065014927	0.59422957276861	0
429	-9.544	27.821	-61.722	0.812748653931189	0.514163276658334	0
430	-8.984	24.812	-64.042	0.754700607131321	0.716817192159887	0
431	-10.277	21.889	-64.571	0.808655498918101	0.58386583806128	1
432	-11.245	18.98	-65.631	0.805251093024143	0.565704206144454	0
433	-12.996	15.467	-65.919	0.822318377325426	0.566959422371915	0
434	-14.761	12.837	-65.46	0.910907748446451	0.646470913703583	0
435	-18.082	10.869	-64.886	0.933125865265501	0.518704499590411	1
436	-20.824	9.45	-63.001	0.775287476307911	0.665695999549597	0
437	-23.237	7.525	-61.666	0.703973384337542	0.523358513079928	0
438	-26.094	7.974	-58.964	0.980629667336598	0.620900395792806	0
439	-29.144	7.329	-57.439	0.979619351664916	0.667666109160264	1
440	-32.363	6.403	-55.405	0.983364050833516	0.636325932705266	0
441	-34.665	6.714	-53.107	0.900779475272652	0.594136408171113	1
442	-37.156	8.199	-50.41	0.894453008201564	0.535014694925989	1
443	-39.603	7.689	-47.912	0.850045366478655	0.585955009481572	0
444	-41.6	9.595	-45.112	0.826285643277848	0.640009646550495	2
445	-42.646	11.579	-42.72	0.950238460287024	0.68183685112586	0
446	-43.512	14.966	-40.871	0.970470087287408	0.617166560279497	1
447	-44.775	17.282	-38.865	0.934651559802352	0.598093687431486	1
448	-44.803	20.902	-37.482	0.924110375861098	0.571958447294828	0
449	-43.785	23.398	-34.69	0.993128952368061	0.546548484617183	0
450	-44.273	27.295	-35.044	0.965604657410256	0.592962085708959	0
451	-42.195	30.1	-34.834	0.935105298801716	0.498503967639492	0
452	-41.644	33.873	-33.857	0.766068974724282	0.65095700977693	0
453	-39.369	36.237	-32.909	0.884994350740688	0.596240632531688	0
454	-38.924	39.215	-30.474	0.944983239381432	0.568719215456487	0
455	-36.264	41.889	-29.5	0.780116181637811	0.576199004363355	0
456	-35.868	43.805	-26.171	0.637562768340106	0.620685292498253	0
457	-33.15	45.973	-24.465	0.604982463146413	0.440805096295076	0
458	-31.607	45.815	-20.902	0.666280758176127	0.606518377254936	1
459	-30.884	48.035	-17.973	0.40478516162836	0.539693107399131	0
460	-30.441	48.399	-14.119	0.667219991548329	0.54668725453621	0
461	-28.758	47.746	-11.327	0.672436038210418	0.573893043346186	1
462	-27.514	47.759	-7.594	0.771717536844264	0.550614670970947	0
463	-25.588	47.303	-5.069	0.757537986887319	0.553877417005919	1
464	-22.189	47.529	-3.062	0.794763244064339	0.624991214767344	0
465	-19.011	47.472	-2.318	0.833567505004994	0.571253432656262	0
466	-15.13	47.709	-2.683	0.84090382796252	0.489341039526764	0
467	-12.139	49.196	-2.701	0.939653409664113	0.553852818049383	0
468	-8.824	48.867	-3.319	0.908797398831085	0.507700686301151	0
469	-5.566	48.929	-5.443	0.927855706207274	0.589193462038742	0
470	-2.45	48.274	-6.148	0.895600974826496	0.490998231279312	0
471	-0.701	47.549	-9.509	0.984759587386336	0.555728652626453	1
472	2.268	45.742	-11.068	0.948839422680321	0.565439204155495	0
473	2.966	43.923	-14.371	0.953039972424154	0.498745488114012	1
474	4.087	40.641	-16.132	0.822110134134665	0.608608349420304	0
475	4.18	37.58	-17.013	0.675508553668897	0.685477125043466	0
476	1.708	35.571	-19.232	0.788223151710871	0.506813495822879	0
477	1.767	32.74	-21.695	0.701522215862078	0.532547133031805	0
478	-1.988	32.167	-21.69	0.659752438549793	0.549658876187045	0
479	-3.631	28.804	-22.579	0.587672060008674	0.625353797553863	1
480	-1.797	26.69	-25.213	0.761533378811287	0.611960316151161	0
481	-4.762	24.82	-26.865	0.57437656838636	0.520552714164941	0
482	-3.97	21.063	-26.523	0.297014913921569	0.54527716433021	0
483	-4.734	20.319	-30.221	0.202102295575771	0.550160075261447	0
484	-2.477	17.352	-30.982	0.226451892140253	0.559475382622466	1
485	-3.501	17.6	-34.654	0.324179267025188	0.552516677775896	0
486	-2.191	14.194	-35.812	0.335252571085919	0.622909788498474	1
487	-2.077	15.876	-39.204	0.0859274485140363	0.625970015479329	0
488	1.325	15.737	-41.029	0.0360903047795221	0.584819704093304	0
489	2.969	12.315	-41.504	0.0288530158249959	0.536294710868066	0
490	0.685	10.589	-44.096	0.0151799128352192	0.612271351650116	0
491	2.168	12.114	-47.338	0.0621507046545897	0.646650784818566	0
492	5.581	10.288	-47.01	0.0391851573575972	0.56374910607715	0
493	4.149	6.689	-47.536	0.378135966567122	0.492785105230095	0
494	2.536	6.753	-51.044	0.532461749642173	0.551312151773187	0
495	5.815	7.369	-53.029	0.319730514238541	0.603335916998842	0
496	6.469	3.574	-53.528	0.577880869726899	0.573042107778981	0
497	3.874	2.587	-56.173	0.662410944764881	0.574970706566396	0
498	3.199	4.283	-59.599	0.174886727595998	0.644673455925531	0
499	6.085	4.524	-61.953	0.251687622621502	0.553496534668277	0
500	5.329	2.104	-64.827	0.0534142593556844	0.621553843317831	0
501	2.883	2.227	-67.813	0.177349360789757	0.556107767348597	0
502	3.366	5.45	-69.827	0.121378305375037	0.634040088868614	0
503	4.046	6.081	-72.891	0.230282463868745	0.549686402211825	0
504	3.596	4.117	-76.215	0.176657076074668	0.498048229645652	0
505	1.774	5.256	-79.461	0.0867200344010512	0.589794298110571	0
506	2.311	6.814	-83.007	0.292312371583696	0.500343476050962	0
507	3.558	8.232	-85.684	0.323720022917773	0.504949167252654	1
508	4.664	7.327	-88.861	0.454359580928303	0.591799880659637	0
509	6.386	8.045	-91.683	0.532278794310877	0.56297785566665	0
510	9.303	6.933	-94.1	0.626643445079248	0.513867959931093	1
511	12.035	5.195	-95.22	0.661413751905635	0.518787707278618	2
512	15.087	4.367	-96.186	0.399299534700017	0.609967940116374	0
513	18.772	3.304	-95.23	0.358310933908583	0.606251050976088	0
514	22.328	3.51	-96.751	0.312296743823041	0.578845505604071	0
515	25.698	2.115	-95.537	0.249958308156856	0.486738601663636	0
516	29.276	2.569	-94.182	0.328279645623675	0.562383194582437	0
517	31.495	2.273	-91.174	0.0637235747338277	0.50780557490616	0
518	33.839	3.743	-88.549	0.199689782771636	0.570975466901035	1
519	34.559	4.278	-84.744	0.268179159988337	0.556981853997258	0
520	34.459	5.092	-81.657	0.115322248658776	0.493300396648015	0
521	33.322	4.18	-78.02	0.572709891728585	0.466518675886102	0
522	30.039	4.567	-76.158	0.382888042232951	0.458867463321869	0
523	30.114	2.934	-72.651	0.450639483869055	0.521090277828735	0
524	27.336	0.386	-71.707	0.183912226090078	0.566828561308854	0
525	26.437	0.796	-67.985	0.418570916578375	0.594083891828071	0
526	23.789	-1.924	-67.435	0.188316510863828	0.47352201262707	0
527	22.794	-1.682	-63.741	0.157481882133699	0.504809212375135	0
528	23.329	-5.316	-62.628	0.140364152482897	0.550930052468735	0
529	21.916	-5.58	-59.072	0.156698415745666	0.539305070451548	0
530	25.093	-7.067	-57.567	0.100874268869776	0.55317201605175	0
531	23.98	-9.407	-54.767	0.370389537818364	0.625943600105516	0
532	25.568	-8.186	-51.474	0.271223649134461	0.597382348003391	1
533	28.601	-10.388	-50.651	0.478496905645135	0.549338318705344	0
534	28.166	-12.689	-47.585	0.333880509041512	0.51988927167229	0
535	30.791	-10.551	-45.733	0.412613593771495	0.533700276506985	0
536	28.675	-7.362	-46.279	0.673168759583714	0.563046473186819	0
537	25.509	-9.297	-45.186	0.429794481485531	0.620122437279302	0
538	27.366	-10.337	-41.941	0.579605982717545	0.665021740187122	1
539	28.641	-6.718	-41.417	0.544926411703016	0.545509628485391	1
540	25.033	-5.383	-41.813	0.703177525159302	0.629467431621081	0
541	23.886	-7.992	-39.205	0.83588408530965	0.578388404669363	0
542	26.71	-6.848	-36.833	0.546326004999968	0.548402023529531	0
543	25.63	-3.154	-37.289	0.792433182389378	0.487434910231642	0
544	22.036	-4.291	-36.464	0.632950882667332	0.516915811755885	0
545	23.285	-6.076	-33.256	0.482527780105217	0.504694431098112	0
546	25.282	-2.945	-32.223	0.553908772785259	0.519334580393903	0
547	22.238	-0.661	-32.903	0.871627840721559	0.457935083148439	0
548	20.051	-3.074	-30.84	0.572109174908501	0.558631074479829	1
549	22.547	-3.162	-27.89	0.660799460465953	0.623959085554241	0
550	22.872	0.695	-27.93	0.713688761690942	0.672408389140494	1
551	19.016	0.931	-28.036	0.829878944021061	0.472004273966202	2
552	18.836	-1.57	-25.083	0.689367256256864	0.486906044665628	0
553	21.363	0.677	-23.197	0.828406044314938	0.501503688028215	0
554	19.366	3.905	-23.973	0.830889252913234	0.594209516287572	1
555	16.111	2.233	-22.863	0.55800267801796	0.571322911564531	0
556	17.771	1.009	-19.571	0.720790061413425	0.528442771400098	0
557	19.321	4.504	-19.03	0.853561030190823	0.505121802318089	0
558	15.857	6.069	-19.62	0.398712093329353	0.543909751378666	0
559	14.465	3.879	-16.745	0.137910612562346	0.544728518993643	1
560	16.679	5.658	-14.097	0.313604329655632	0.623214529085837	0
561	15.004	8.49	-12.091	0.467605642189685	0.558478464816019	0
562	16.578	11.921	-12.759	0.621543406491121	0.556684720196403	0
563	19.334	12.158	-10.093	0.675068206551556	0.489918287508557	1
564	21.825	14.875	-8.947	0.67003628381481	0.519940043670733	0
565	24.354	12.329	-10.321	0.904640547192083	0.486377937483509	0
566	22.902	12.942	-13.863	0.734515702685852	0.529779381751327	1
567	23.797	16.683	-13.4	0.806252566471482	0.646140832956924	1
568	27.358	15.705	-12.286	0.80048895186399	0.580392663589182	0
569	27.602	13.302	-15.326	0.841325593775247	0.531384691558544	1
570	26.361	16.15	-17.635	0.824881876433277	0.611028324434169	0
571	28.794	18.671	-16.031	0.803717450859676	0.499663533532273	1
572	31.801	16.28	-16.287	0.817547717244287	0.521738423709831	1
573	30.92	15.368	-19.928	0.596804699395302	0.584563510609041	0
574	30.466	19.096	-20.852	0.674101791787147	0.554654781602584	0
575	33.704	20.095	-19.041	0.740396787861581	0.53630118654485	0
576	35.648	17.242	-20.784	0.685838676959684	0.596335680657422	1
577	34.256	18.365	-24.206	0.751052604565045	0.498484463998847	0
578	35.254	22.007	-23.372	0.795458596913997	0.525028177802127	0
579	38.78	20.907	-22.226	0.89664111439179	0.582887162614238	0
580	39.181	18.801	-25.43	0.931451547034328	0.536119765015476	1
581	38.245	21.898	-27.541	0.89257341220718	0.616184759662625	1
582	40.701	24.087	-25.537	0.93632173633535	0.468313981991368	0
583	43.54	21.514	-26.161	0.779272923515302	0.546291157321156	0
584	42.439	21.341	-29.861	0.710401549112279	0.520747074135109	1
585	42.651	25.19	-30.018	0.823408048653202	0.669665419919029	0
586	46.033	25.275	-28.156	0.96073365258021	0.554233844814935	0
587	47.65	22.648	-30.47	0.936822311706211	0.515757745942091	0
588	46.16	24.596	-33.489	0.877113096707488	0.658241076011485	0
589	47.779	27.85	-32.123	0.977507277910664	0.532929658707479	1
590	51.119	26.056	-31.414	0.99721205527282	0.56687775004233	0
591	50.944	25.012	-35.146	0.852194962173497	0.597782847956411	0
592	50.202	28.664	-36.274	0.993769964274303	0.566635618309431	0
593	52.93	30.299	-34.114	0.949776448967231	0.591896705141815	0
594	55.307	27.319	-34.561	0.977075809877198	0.543604642407953	1
595	58.403	26.985	-32.413	0.988901383635375	0.622775156772462	1
596	59.643	30.598	-32.55	0.956912314376114	0.595864377067318	1
597	63.263	30.798	-33.855	0.971664358587516	0.531515901644987	0
598	65.623	29.548	-31.138	0.649286320045885	0.627813721292033	0
599	67.742	32.647	-30.311	0.811290185983019	0.556455803520178	0
600	70.699	30.475	-29.196	0.8967125143761	0.621931037258331	1
601	73.67	32.813	-28.737	0.866408706227662	0.57266103909426	0
602	77.285	31.902	-29.758	0.666520118237392	0.468598963012551	0
603	79.626	29.928	-31.587	0.512502501377432	0.606574014433839	0
604	81.7	27.504	-33.772	0.512994806606755	0.526804872735516	0
605	82.551	26.795	-37.172	0.771539292706003	0.512088815559223	2
606	82.203	26.354	-40.948	0.429459897424468	0.600453681313606	0
607	80.852	23.309	-42.774	0.779512775396497	0.498838136932005	2
608	79.934	23.633	-46.531	0.792469133482659	0.56579277011086	1
609	76.66	21.957	-47.593	0.910361531716209	0.424321865376261	1
610	73.9	23.227	-49.896	0.872690376044023	0.535505415559132	0
611	70.81	21.749	-48.19	0.645902635455284	0.543768280596033	0
612	67.326	23.289	-48.565	0.599061750812225	0.592354936926428	2
613	65.929	23.696	-45.028	0.659663378711958	0.482466625640784	1
614	62.189	22.735	-45.264	0.779237274139529	0.490159231117977	0
615	59.842	25.74	-45.525	0.871330620590789	0.611240770147783	1
616	58.311	26.168	-42.033	0.787777119337315	0.539591547549972	0
617	54.571	26.632	-42.939	0.64517847193603	0.581865077729747	0
618	53.97	28.642	-39.685	0.967753439307825	0.488345852578531	0
619	52.843	32.303	-39.91	0.928013920632971	0.576904483454377	0
620	56.01	33.053	-37.84	0.826150306726958	0.579958978340665	1
621	58.127	31.197	-40.477	0.890516882883357	0.544028018517697	1
622	56.466	33.43	-43.139	0.806387755701655	0.559690672768198	0
623	56.98	36.603	-41.009	0.932042080515946	0.571873952243625	0
624	60.725	35.821	-40.52	0.960589194488108	0.613911198747377	0
625	60.977	35.333	-44.346	0.884577200763669	0.537114147228559	1
626	59.339	38.776	-44.908	0.900275848062099	0.630708639804437	0
627	61.713	40.344	-42.287	0.991675379990332	0.673163136714348	2
628	64.772	38.73	-44.022	0.936394390137022	0.53583026026603	0
629	63.428	39.915	-47.425	0.678261369635159	0.590938901691368	0
630	62.866	43.51	-46.101	0.928508150349894	0.550968467154229	1
631	66.411	43.486	-44.551	0.892227467245632	0.6350608775056	2
632	67.651	42.276	-48.012	0.611477891120227	0.558240091594521	0
633	65.733	45.098	-49.816	0.936788086943536	0.570612736922564	0
634	67.096	47.65	-47.27	0.777255910228829	0.52365494854856	1
635	70.724	46.462	-47.912	0.331505944899189	0.622874384921164	0
636	69.999	46.668	-51.706	0.547097317435127	0.631092068186991	0
637	68.649	50.242	-51.297	0.551996159661481	0.64460220819209	0
638	71.764	51.11	-49.178	0.351966472003343	0.594960860672758	0
639	73.97	49.655	-51.97	0.146933521431786	0.601344135225646	0
640	71.991	51.536	-54.702	0.521803467257621	0.639322915605106	1
641	72.155	54.827	-52.666	0.481182073405148	0.5119400843583	0
642	75.95	54.357	-52.194	0.413470885696577	0.56760361789362	0
643	76.314	53.816	-56.014	0.557932799904152	0.521798386287754	0
644	74.141	56.933	-56.649	0.411835107175334	0.529882604830751	1
645	76.294	59.055	-54.239	0.203985165942377	0.559267324677295	1
646	79.515	57.738	-55.923	0.15237435009682	0.670257293148222	0
647	78.145	58.464	-59.456	0.208522605978024	0.484643969954998	0
648	76.69	61.957	-58.755	0.209734223656077	0.637389092988297	0
649	79.889	63.184	-56.96	0.172961155194453	0.497651715898043	0
650	77.765	64.27	-53.936	0.483648925683592	0.695397284526227	1
651	79.962	64.796	-50.807	0.623633868478335	0.531928104028274	0
652	78.65	62.588	-47.908	0.687507061263548	0.620562753866737	1
653	78.05	65.766	-45.784	0.787486470221295	0.385233383122476	0
654	75.245	66.907	-48.192	0.558514408661743	0.572750741198195	0
655	73.492	63.471	-48.174	0.819695640677376	0.556729879789077	0
656	73.339	63.236	-44.335	0.92518163619599	0.567055810901656	2
657	71.543	66.656	-44.382	0.848040509090875	0.533741816029737	0
658	68.768	65.332	-46.749	0.768839325214129	0.601658893128641	0
659	68.053	61.991	-44.938	0.878681026977946	0.64553672392965	0
660	68.869	62.921	-41.251	0.755663734470393	0.705661683031672	0
661	65.561	64.883	-40.968	0.771835284152998	0.62542678249852	0
662	62.986	62.667	-39.159	0.423283286790215	0.597264110052569	0
663	63.242	60.757	-35.924	0.391236711392302	0.520394869340038	0
664	60.009	58.655	-35.868	0.457494131250143	0.615233360644534	0
665	58.283	60.424	-32.929	0.665086146655487	0.503033875542722	0
666	57.37	57.638	-30.423	0.557303980865216	0.579264164436291	0
667	53.697	56.73	-30.936	0.719383959939918	0.557103666770379	0
668	51.748	58.155	-27.929	0.426143351239806	0.589937106030439	1
669	50.594	55.601	-25.275	0.8043562372884	0.434807500789156	0
670	47.112	54.382	-26.3	0.955043414798724	0.561135257596024	0
671	44.97	55.557	-23.37	0.796971745934465	0.535586240457489	1
672	41.717	53.638	-23.362	0.812488996186105	0.512827271134255	0
673	39.024	56.074	-22.046	0.82131321253738	0.538548801226812	1
674	38.865	55.817	-18.233	0.86811820162304	0.607788868010123	2
675	35.23	56.908	-17.838	0.99052310381555	0.492406813421489	0
676	35.651	58.765	-14.581	0.795620261578957	0.549588432529008	0
677	33.445	58.578	-11.499	0.909195197665712	0.615822558183821	2
678	33.838	58.047	-7.785	0.6609657784704	0.511669720516376	0
679	35.939	56.122	-5.192	0.513618724011262	0.473393269172629	0
680	36.128	53.876	-2.671	0.477406393166462	0.573677929186865	0
681	38.635	51.207	-1.337	0.407580591433827	0.566369072739324	0
682	40.681	48.206	-1.704	0.267136767645642	0.526140231738682	0
683	41.702	45.223	-1.142	0.40668166760029	0.537936069238421	1
684	43.285	42.033	-2.732	0.321432974755351	0.459758334744593	0
685	44.424	39.656	-4.362	0.380733708887949	0.483734909070953	0
686	46.364	38.394	-7.439	0.465192715242376	0.476503440495818	0
687	46.207	35.57	-9.971	0.383838009171897	0.586774711260351	0
688	49.878	35.111	-11.128	0.533787423854239	0.548833839364501	0
689	50.764	32.538	-13.847	0.697552809863764	0.571242155113028	0
690	53.013	33.807	-16.683	0.601071528431239	0.543164451728355	0
691	56.417	32.167	-17.591	0.822659083882806	0.468340099145519	1
692	57.696	28.667	-17.343	0.631050707093787	0.657794073316704	1
693	60.803	28.415	-19.564	0.744255322352052	0.521704229159559	0
694	62.138	25.084	-20.897	0.640423605299081	0.604922366952289	1
695	65.65	24.932	-22.43	0.264158788060824	0.548820925556632	0
696	67.585	21.68	-21.819	0.49770545943208	0.641199861239773	0
697	71.289	22.687	-21.428	0.756335963351391	0.634699319523372	0
698	74.209	20.321	-20.562	0.514617995985075	0.476684004982122	0
699	76.851	19.767	-17.884	0.172650179476996	0.554241934377787	0
700	78.571	20.107	-15.08	0.30669484358348	0.602852609854681	0
701	78.715	18.891	-11.411	0.248629014498619	0.584884698765812	0
702	80.442	20.421	-8.39	0.526443002232322	0.572138433897927	0
703	79.093	20.166	-4.804	0.419502331636681	0.574595633788001	0
704	78.386	22.304	-1.622	0.800227740499053	0.666673250745348	1
705	78.396	22.749	1.796	0.706575869973138	0.531226188306831	0
706	75.801	23.001	4.486	0.817328786617586	0.525405415988719	1
707	73.952	24.538	7.474	0.613843859518951	0.550828168928378	0
708	71.196	25.35	9.131	0.619159624030814	0.56129048046512	0
709	67.49	26.384	9.961	0.882192894202954	0.57741732747895	2
710	65.779	27.925	13.121	0.683354716552483	0.596086788118953	2
711	62.183	28.591	14.373	0.914344077233817	0.457689190475815	1
712	58.681	30.115	14.019	0.70544542063166	0.543606880053904	0
713	56.672	31.992	16.769	0.428212592347749	0.612175000465124	0
714	53.034	30.953	17.729	0.562981520468032	0.606637574984553	0
715	49.897	32.337	19.452	0.666599121657766	0.395385064170681	0
716	49.094	34.634	22.411	0.478327119758677	0.524757535206292	0
717	46.298	36.049	23.814	0.91526795294824	0.445486576544468	0
718	43.533	38.06	25.845	0.807145700577654	0.498924706650212	0
719	41.659	40.813	26.456	0.892469680117674	0.514416950738882	3
720	38.2	42.642	26.062	0.932478443934395	0.548373202989586	0
721	36.739	46.211	26.527	0.934249851142146	0.436749237306043	0
722	33.463	47.294	26.605	0.636256143120373	0.583601660740898	0
723	31.127	50.142	26.651	0.709384793754001	0.574878512448343	0
724	27.562	50.761	25.342	0.449298472603233	0.596432968710655	2
725	24.109	52.544	24.715	0.390830479741404	0.475829220315717	0
726	21.554	53.867	23.047	0.196899331672487	0.527076447948031	0
727	18.589	53.793	21.536	0.0479024137903597	0.563813182030831	0
728	15.537	55.089	19.451	0.0829926882084253	0.535300634372058	0
729	13.983	55.835	16.83	0.0962047479824881	0.52681811461385	0
730	11.405	56.953	14.119	0.167312458244845	0.55411434957711	0
731	11.082	57.586	10.306	0.430140689750659	0.596841565200681	1
732	9.943	58.627	7.397	0.557045603690564	0.512808207122845	0
733	9.635	59.447	3.593	0.653185649506554	0.562162032820457	0
734	11.754	59.671	0.383	0.660192231420859	0.540955023219712	0
735	10.457	58.642	-3.126	0.922571402727929	0.53982813803176	0
736	11.063	57.171	-6.02	0.932954577185772	0.534287432136033	1
737	11.914	54.403	-8.413	0.74292545310322	0.530930229638791	0
738	12.215	50.995	-10.075	0.88359651596911	0.547484679195828	0
739	13.401	47.549	-9.669	0.83534368071326	0.459623862652214	1
740	11.45	44.231	-9.235	0.899144199781544	0.577595847834136	1
741	13.866	41.816	-7.444	0.905980915379424	0.529975235312421	0
742	12.426	38.282	-7.006	0.950134399035686	0.476901436774481	0
743	13.959	36.743	-3.789	0.79475092427812	0.488628285740822	0
744	16.434	33.78	-3.65	0.948043981526135	0.520068257011639	0
745	15.472	30.368	-2.118	0.644455414880077	0.49797239975077	0
746	16.21	30.236	1.665	0.557927891924394	0.524047058760908	0
747	19.686	29.515	2.98	0.789877077818511	0.539342419156399	0
748	19.747	27.722	6.355	0.953326952685923	0.562562211749351	0
749	20.964	29.702	9.401	0.942633848216888	0.631564681275365	1
750	19.28	30.556	12.744	0.923633473874171	0.616536091277526	2
751	20.353	29.89	16.149	0.97348363329995	0.514608759843649	0
752	19.741	28.774	19.712	0.869111467712983	0.507281945946292	1
753	18.606	26.846	22.531	0.912904869674973	0.542322352048973	0
754	20.377	25.613	25.687	0.882181975726895	0.672979007601533	1
755	21.82	22.682	27.798	0.951639303869456	0.570390620477353	0
756	24.256	21.555	29.254	0.85477695785246	0.596616252185898	2
757	27.528	20.009	30.663	0.903623367134655	0.493189109418306	0
758	30.356	18.764	30.839	0.624998975867346	0.491612721932284	0
759	33.878	17.585	32.018	0.857418739032271	0.490195287297432	0
760	36.912	16.322	31.91	0.925388929712299	0.531930913223648	0
761	40.559	14.899	31.54	0.772622604149594	0.521040453880854	0
762	43.439	13.891	30.141	0.521644184568502	0.535069718174426	1
763	46.294	12.182	29.903	0.416641972784996	0.561274398087817	0
764	49.245	11.239	28.309	0.499879180968888	0.726518595816955	0
765	52.589	9.659	26.931	0.437453225900774	0.54650364294248	0
766	54.734	9.462	24.051	0.390970780024805	0.550846313087061	0
767	57.869	7.31	23.093	0.417168601855049	0.425615496205351	0
768	59.977	5.662	21.135	0.403171737253737	0.509424289488342	0
769	62.694	3.554	19.246	0.318350828034188	0.61499375267076	0
770	64.244	2.114	16.775	0.156039002975097	0.530099968436367	0
771	66.61	0.678	14.025	0.0676718267122665	0.606582072405771	0
772	66.723	-1.564	10.834	0.0574510505375599	0.579120037572348	0
773	68.299	-4.526	8.846	0.0912667367761775	0.495257842451271	0
774	70.268	-5.136	5.626	0.163881194860971	0.52084597740581	0
775	70.866	-5.016	1.787	0.453339204287995	0.587539288569908	0
776	72.208	-5.551	-1.256	0.121141932196846	0.638666044173092	0
777	72.646	-5.66	-4.826	0.107936922694125	0.557606717658271	0
778	73.066	-5.957	-8.704	0.108533478522064	0.680895273057204	0
779	72.294	-4.917	-11.52	0.2103608200839	0.499681979434833	0
780	71.691	-2.909	-14.835	0.17892515855123	0.556220671247171	0
781	70.38	-1.539	-17.48	0.384396266714464	0.599260360412912	0
782	69.177	1.922	-18.873	0.698290337850542	0.419089677548703	0
783	67.221	4.84	-19.36	0.824931176610635	0.636132215534445	0
784	64.873	7.413	-19.112	0.638974951366341	0.583724396646445	1
785	62.746	9.795	-19.63	0.5591070226101	0.57777415747935	0
786	59.544	11.76	-19.635	0.676039861924539	0.571617704996623	0
787	56.3	11.533	-17.604	0.924224152918576	0.556046138563141	1
788	52.721	12.562	-17.104	0.92635954290445	0.562056677884526	0
789	51.573	9.894	-14.634	0.882544937199696	0.497456811280279	0
790	47.795	10.066	-14.407	0.929548436289879	0.60617910151856	1
791	47.121	8.633	-10.884	0.735434993708655	0.564154304727823	1
792	45.987	5.003	-11.016	0.506294217179398	0.515193739992718	0
793	42.655	5.497	-9.211	0.596302864518008	0.573856325599284	0
794	42.359	2.094	-7.532	0.595895212473317	0.577872746534226	1
795	39.066	0.512	-8.533	0.485855267861781	0.567506701121708	0
796	37.697	0.081	-4.918	0.73216710696663	0.545485598140579	1
797	37.106	3.72	-3.71	0.433245796992016	0.613660738061379	0
798	34.378	4.452	-6.337	0.893796207025958	0.545286861691843	0
799	32.003	1.803	-4.808	0.821635230014768	0.551536592208863	1
800	32.205	3.628	-1.377	0.951987678767426	0.523259883011913	1
801	29.754	6.501	-2.279	0.967467319758816	0.552252623310512	0
802	26.576	4.658	-1.055	0.98734478208719	0.562596598335917	1
803	24.972	6.956	1.582	0.975319135490608	0.424471326837195	1
804	22.37	9.794	1.412	0.95281733156891	0.609331450862278	0
805	18.872	8.703	2.649	0.879950706466819	0.5424079457616	1
806	18.73	5.506	4.786	0.764197005634234	0.575924418689087	1
807	17.358	5.603	8.359	0.886339031753475	0.48921213618421	0
808	19.492	3.449	10.706	0.901091981999007	0.56430847082289	0
809	20.127	-0.21	10.572	0.656970581250331	0.621740320715722	2
810	23.748	-0.805	11.613	0.773119730194263	0.512880995877457	0
811	25.132	-4.38	11.436	0.60842656358328	0.566226160420639	1
812	28.662	-5.9	11.834	0.588027026350935	0.560944680176526	0
813	30.878	-5.608	14.681	0.46125686944843	0.61598161491906	0
814	30.615	-7.678	17.925	0.70430237242035	0.674543891277611	2
815	32.76	-10.859	18.008	0.822049173917069	0.56696184203535	0
816	32.441	-11.321	21.812	0.846793108561759	0.527424993415239	2
817	30.648	-13.506	24.431	0.802535910855911	0.45735873846401	2
818	28.681	-16.55	24.586	0.781948748632361	0.471085699347861	0
819	25.235	-18.176	25.16	0.839284319960329	0.66785265015287	3
820	22.342	-19.466	24.701	0.783500609664189	0.56989489489031	1
821	18.899	-20.82	23.322	0.710655428545954	0.597016213974537	0
822	15.767	-20.687	21.929	0.573411760752869	0.53147071694714	0
823	13.405	-21.005	19.488	0.494166925091975	0.585746961499056	0
824	10.178	-21.655	17.264	0.368785898842397	0.583555196334379	0
825	8.274	-21.107	14.514	0.354817691534131	0.450285730923271	0
826	7.992	-20.223	10.693	0.329241625065889	0.62699984896306	0
827	5.51	-18.37	8.379	0.203533486707469	0.598724276280153	0
828	4.757	-17.479	4.693	0.433727516709912	0.595504607633054	0
829	7.456	-16.7	2.019	0.159512797616471	0.520644310879238	0
830	5.161	-14.116	0.275	0.200060487982288	0.552877989211362	0
831	6.504	-13.085	-3.179	0.133854996544133	0.637177423156663	0
832	6.571	-9.272	-3.714	0.139973069102483	0.530421869322819	0
833	3.99	-8.683	-6.443	0.579954447804056	0.419701907411748	0
834	5.798	-5.864	-8.21	0.334483693958304	0.504266225797737	0
835	2.652	-4.362	-9.703	0.33534513282937	0.513326213614933	1
836	2.905	-4.414	-13.495	0.357194220594292	0.532163657618784	0
837	1.945	-0.773	-14.05	0.279780277538405	0.564670809194189	0
838	-0.254	-1.48	-17.108	0.315325089813953	0.593643195121392	0
839	1.369	1.167	-19.331	0.307654154770191	0.610578635020821	0
840	-0.933	3.562	-21.234	0.118702467969483	0.60638443152321	0
841	-0.172	2.08	-24.711	0.185923748387165	0.578133813962874	0
842	-3.259	0.17	-25.977	0.329983546421394	0.583908291568049	0
843	-5.028	2.71	-28.244	0.146492876638286	0.639335683443493	0
844	-4.829	2.868	-32.064	0.196308763548058	0.543230716037795	0
845	-2.894	0.816	-34.402	0.134628878684257	0.466814227610191	0
846	-4.964	-1.355	-36.804	0.394448103627951	0.583454712110672	1
847	-2.624	-4.095	-38.092	0.694085599832533	0.546651995510888	0
848	-4.525	-6.813	-40.055	0.860718146072593	0.634850033755984	0
849	-3.578	-10.009	-38.196	0.827924473343198	0.561816174677952	1
850	-3.529	-12.969	-40.634	0.214958062613805	0.612481579818318	0
851	-6.128	-15.791	-40.399	0.211261126779294	0.595684565945169	0
852	-5.883	-17.894	-37.19	0.422663611261965	0.619004252128329	0
853	-5.114	-21.621	-37.76	0.536842374132136	0.49226624385386	1
854	-8.415	-23.53	-38.232	0.163243978071295	0.490079177015409	0
855	-8.761	-25.79	-35.211	0.374251789579456	0.643980458647083	0
856	-11.933	-27.343	-36.685	0.315701853908483	0.541607799745029	1
857	-14.489	-28.688	-34.217	0.471562050834891	0.551243622450152	1
858	-16.375	-31.082	-36.481	0.544959472219512	0.63608161367418	0
859	-19.389	-32.609	-34.707	0.328838179923389	0.581749863678986	0
860	-20.172	-36.318	-35.486	0.327030520443683	0.656006453423062	0
861	-22.373	-38.601	-36.056	0.141219982181012	0.501916718407261	0
862	-22.293	-42.5	-35.957	0.444206861897176	0.542735090633831	0
863	-21.218	-45.211	-34.925	0.273594287850198	0.599385050216296	0
864	-20.453	-48.422	-32.901	0.365698277881429	0.509045352881193	0
865	-17.963	-50.64	-30.908	0.52076109913462	0.540969411674008	0
866	-16.739	-51.183	-28	0.458156971170734	0.592701603769371	0
867	-15.609	-51.175	-24.277	0.451716455893424	0.551133140068103	1
868	-12.577	-52.381	-22.296	0.353039429222421	0.586996642186739	0
869	-10.479	-51.784	-19.9	0.380064269965555	0.597300472293124	0
870	-6.981	-50.668	-18.703	0.392629087533415	0.529663008505468	0
871	-3.92	-51.828	-16.712	0.431890286104563	0.63049564272476	0
872	-0.265	-51.24	-17.14	0.545603933740481	0.550043013531471	0
